userID,sex,age,occupation,state
1,F,1,10,MI
2,M,56,16,LA
3,M,25,15,MN
4,M,45,7,MA
5,M,25,20,MN
6,F,50,9,MN
7,M,35,1,CT
8,M,25,12,NY
9,M,25,17,IL
10,F,35,1,CA
11,F,25,1,ME
12,M,25,12,FL
13,M,45,1,CA
14,M,35,0,IL
15,M,25,7,VA
16,F,35,0,MD
17,M,50,1,CA
18,F,18,3,CA
19,M,1,10,MI
20,M,25,14,MN
21,M,18,16,WA
22,M,18,15,WI
23,M,35,0,CA
24,F,25,7,NY
25,M,18,4,MA
26,M,25,7,VA
27,M,25,11,PA
28,F,25,1,NY
29,M,35,7,FL
30,F,35,7,PA
31,M,56,7,CT
32,F,25,0,PA
33,M,45,3,MN
34,F,18,0,MA
35,M,45,1,MA
36,M,25,3,CA
37,F,25,9,KS
38,F,18,4,MA
39,M,18,4,IL
40,M,45,0,NY
41,F,18,4,PA
42,M,25,8,VA
43,M,25,12,IL
44,M,45,17,WA
45,F,45,16,CA
46,M,18,19,TX
47,M,18,4,CA
48,M,25,4,CA
49,M,18,12,TX
50,F,25,2,WA
51,F,1,10,NY
52,M,18,4,AR
53,M,25,0,AA
54,M,50,1,MN
55,F,35,12,MN
56,M,35,20,IL
57,M,18,19,GA
58,M,25,2,GA
59,F,50,1,MN
60,M,50,1,AR
61,M,25,17,CA
62,F,35,3,WA
63,M,18,4,WI
64,M,18,1,WI
65,M,35,12,MN
66,M,25,18,SD
67,F,50,5,IL
68,M,18,4,WI
69,F,25,1,MA
70,M,18,4,WI
71,M,25,14,CA
72,F,45,0,MN
73,M,18,4,WI
74,M,35,14,CA
75,F,1,10,MA
76,M,35,7,MN
77,M,18,4,PA
78,F,45,1,WA
79,F,45,0,WA
80,M,56,1,MI
81,F,25,0,IL
82,M,25,17,MI
83,F,25,2,CA
84,M,18,4,WI
85,M,18,4,CA
86,F,1,10,WI
87,M,25,14,MI
88,F,45,1,MA
89,F,56,9,AZ
90,M,56,13,AZ
91,M,35,7,NJ
92,F,18,4,OH
93,M,25,17,CA
94,M,25,17,NC
95,M,45,0,WA
96,F,25,16,TX
97,F,35,3,KS
98,F,35,7,FL
99,F,1,10,PA
100,M,35,17,CA
101,F,18,3,FL
102,M,35,19,MD
103,M,45,7,CA
104,M,25,12,PR
105,M,45,12,CA
106,F,35,11,TX
107,M,45,18,MO
108,M,25,12,GA
109,M,45,15,CA
110,M,25,2,CA
111,M,35,15,MN
112,M,25,16,OR
113,M,18,12,TN
114,F,25,2,ID
115,M,25,17,NC
116,M,25,17,MN
117,M,25,17,FL
118,M,35,17,VA
119,F,1,10,TX
120,M,25,11,NC
121,M,35,7,TX
122,F,18,4,CA
123,M,35,9,KS
124,M,56,7,CA
125,M,45,14,MA
126,M,18,9,WA
127,F,45,3,MA
128,M,56,6,TN
129,M,25,11,VA
130,M,35,17,IA
131,M,18,4,CT
132,M,25,17,AK
133,F,25,0,MN
134,M,25,0,KS
135,M,18,4,DC
136,M,18,2,MD
137,F,45,6,TX
138,M,18,20,VA
139,F,25,20,OH
140,F,35,1,MN
141,M,35,13,IL
142,M,25,7,NY
143,M,18,3,MO
144,M,25,17,SC
145,M,18,4,PA
146,F,35,20,NY
147,M,18,4,CA
148,M,50,17,SD
149,M,25,1,SC
150,M,35,7,WA
151,F,25,20,AZ
152,M,18,4,MI
153,M,1,10,IA
154,M,50,20,CA
155,M,35,12,NJ
156,F,45,7,NY
157,M,35,16,NY
158,M,56,7,NC
159,F,45,0,TN
160,M,35,7,NY
161,M,45,16,WA
162,F,18,4,CA
163,M,18,4,AZ
164,F,56,13,CA
165,M,18,16,WA
166,M,18,4,CA
167,F,25,11,NY
168,F,50,0,IN
169,M,25,7,MN
170,M,25,11,NJ
171,F,50,17,MN
172,M,25,3,NJ
173,M,25,0,OH
174,M,25,16,MD
175,F,25,2,CA
176,F,18,3,MN
177,M,50,1,WI
178,M,56,17,WI
179,M,25,0,MA
180,M,45,12,MA
181,M,18,17,FL
182,M,18,4,NH
183,F,45,1,MN
184,F,25,0,PA
185,M,45,0,NY
186,M,18,5,CA
187,F,45,1,CA
188,M,56,16,TX
189,M,18,0,IL
190,M,25,17,MN
191,M,18,4,ME
192,M,18,1,NY
193,F,45,15,OH
194,F,1,10,SC
195,M,25,12,NY
196,F,35,9,CA
197,M,18,14,NY
198,M,25,12,MN
199,M,18,4,ID
200,F,18,4,UT
201,F,35,2,MN
202,M,18,4,WI
203,F,18,4,WI
204,M,25,7,CA
205,M,35,12,OR
206,M,25,17,VA
207,M,25,12,CA
208,M,35,17,MN
209,M,35,1,CA
210,F,1,10,WV
211,M,45,17,CA
212,M,25,16,WI
213,F,18,4,MA
214,M,18,20,CO
215,M,35,14,CA
216,M,45,13,IA
217,M,18,4,VA
218,M,35,14,CA
219,F,25,4,MN
220,M,25,12,VA
221,F,25,0,CA
222,M,25,1,MN
223,M,25,17,NC
224,F,18,4,NY
225,M,25,7,NY
226,M,35,1,CA
227,M,35,20,CA
228,M,25,15,MN
229,M,18,10,ME
230,M,45,1,OH
231,M,25,3,MN
232,M,25,20,MN
233,F,45,20,TN
234,M,35,7,MS
235,M,25,0,WA
236,M,25,5,MN
237,M,25,6,IN
238,F,50,7,CA
239,M,18,19,CA
240,M,50,17,MN
241,M,35,20,MN
242,F,18,4,WI
243,M,25,16,NY
244,M,50,7,PA
245,M,35,16,KS
246,F,18,4,IL
247,M,25,17,CA
248,M,18,17,AR
249,F,18,14,MI
250,M,35,16,NY
251,M,56,17,MN
252,M,25,12,CA
253,F,25,11,OR
254,M,35,17,MI
255,M,35,0,AZ
256,M,45,16,MN
257,M,18,18,MN
258,M,25,7,MN
259,M,25,1,IL
260,M,18,19,WA
261,M,25,20,TX
262,F,25,1,NE
263,F,25,7,VA
264,M,35,0,MD
265,F,35,7,MN
266,M,35,11,TX
267,M,45,12,MN
268,F,18,12,SC
269,M,25,2,MN
270,M,50,14,MN
271,M,18,4,MI
272,M,18,0,CO
273,M,18,4,MN
274,M,18,4,MN
275,M,25,0,MI
276,M,45,16,MA
277,F,35,1,WA
278,M,45,18,IL
279,M,25,14,CA
280,M,50,7,PA
281,F,35,0,CA
282,M,25,17,CA
283,M,25,0,NY
284,M,25,12,CA
285,F,35,0,CA
286,M,25,1,WI
287,M,50,13,CA
288,F,25,12,OR
289,F,25,0,NY
290,F,25,20,CA
291,M,35,12,MN
292,M,35,7,PA
293,M,56,1,MN
294,F,45,9,OH
295,M,18,0,CO
296,M,50,5,NV
297,M,18,2,OR
298,F,18,4,PA
299,M,25,12,OR
300,M,25,7,TX
301,M,18,4,IL
302,M,18,4,ME
303,M,25,7,DC
304,M,25,0,MN
305,F,18,0,MN
306,M,18,0,WI
307,M,50,16,CA
308,M,25,2,NY
309,M,25,4,PA
310,F,18,4,AA
311,M,18,4,AA
312,F,50,2,VA
313,F,18,4,MA
314,F,56,9,IN
315,F,56,1,MN
316,M,56,13,CA
317,M,35,7,TN
318,F,56,13,MN
319,F,50,6,FL
320,M,35,6,AK
321,M,18,4,MN
322,M,56,17,MN
323,M,45,12,WI
324,M,35,17,MN
325,F,50,3,MN
326,M,50,11,WV
327,M,35,18,MN
328,M,35,12,CO
329,M,35,7,MA
330,M,56,7,CA
331,M,25,7,MN
332,M,50,1,MN
333,M,35,2,MN
334,F,56,2,MN
335,M,35,18,MN
336,M,18,0,WA
337,M,18,19,CO
338,M,35,7,MN
339,M,50,7,CO
340,F,25,3,NC
341,F,56,13,CA
342,M,18,12,MN
343,F,35,3,MN
344,M,35,14,TX
345,M,25,12,CA
346,F,25,0,MN
347,F,56,1,MN
348,M,50,7,MN
349,M,1,10,NJ
350,M,45,20,NJ
351,M,18,4,MN
352,M,18,4,IL
353,F,35,7,CA
354,M,35,1,MN
355,M,18,3,MN
356,M,56,20,MN
357,M,18,0,WA
358,F,56,1,MD
359,M,25,17,MN
360,M,35,17,NC
361,F,25,14,CA
362,M,35,20,MN
363,M,18,10,MN
364,F,35,1,IN
365,F,18,4,MA
366,M,50,15,MN
367,M,50,12,MN
368,M,25,0,CA
369,M,35,1,MN
370,M,18,17,VA
371,M,18,4,MA
372,F,18,4,AR
373,F,25,2,MN
374,F,35,14,MN
375,M,25,2,MN
376,M,35,1,CO
377,M,25,17,MN
378,F,18,0,MN
379,F,35,1,WI
380,M,25,2,CA
381,M,35,17,NV
382,F,35,20,KS
383,F,25,7,TX
384,M,25,11,MN
385,M,25,6,NE
386,M,25,0,MN
387,F,35,7,MN
388,F,25,0,NY
389,M,25,6,NE
390,M,25,4,MN
391,M,45,11,VA
392,M,18,7,DC
393,M,35,17,MN
394,M,18,0,MN
395,M,18,5,MN
396,M,25,1,MN
397,M,35,17,VA
398,M,25,17,MN
399,F,35,6,MN
400,F,18,3,MN
401,M,18,0,MN
402,M,25,11,MN
403,M,18,4,MA
404,M,18,4,NY
405,M,56,1,NY
406,M,25,20,MN
407,M,18,17,NV
408,M,25,11,MA
409,M,18,12,MN
410,F,25,1,MN
411,F,45,1,OH
412,M,35,15,MN
413,M,25,11,MN
414,M,25,0,MN
415,F,35,0,MN
416,M,45,14,MN
417,F,25,0,IA
418,F,25,3,WI
419,M,18,3,MN
420,M,35,1,MN
421,F,45,3,MN
422,M,56,17,MN
423,M,18,4,MN
424,M,25,17,MN
425,M,25,12,MN
426,M,18,4,MN
427,M,35,12,MN
428,F,18,4,MN
429,M,18,0,WI
430,F,18,10,MN
431,M,18,10,MN
432,M,45,16,MN
433,M,50,6,MN
434,F,45,3,WA
435,M,25,7,MN
436,M,18,4,OH
437,M,35,17,MN
438,M,18,11,WI
439,M,35,14,MN
440,M,56,1,FL
441,M,35,1,MN
442,M,25,1,MN
443,M,25,3,MN
444,M,56,0,MN
445,M,45,12,MN
446,F,50,0,MN
447,F,45,11,MN
448,M,25,17,CO
449,M,25,7,AZ
450,M,45,1,VA
451,M,56,13,WI
452,M,50,17,MN
453,M,18,4,MN
454,M,25,20,MN
455,F,35,2,MN
456,M,35,0,MN
457,M,18,4,WI
458,M,50,16,MN
459,F,18,4,MN
460,M,45,18,MN
461,M,50,7,MN
462,M,18,16,MN
463,M,25,7,MN
464,F,18,4,MN
465,M,18,19,CA
466,M,25,5,MN
467,F,35,3,MN
468,F,1,10,MN
469,M,35,6,MN
470,F,1,10,MN
471,M,35,7,NJ
472,M,35,0,MN
473,F,18,4,MN
474,M,25,17,CA
475,F,25,2,MN
476,M,35,0,MN
477,M,35,14,MN
478,M,50,16,MN
479,M,25,12,MN
480,F,18,4,MN
481,M,45,7,MN
482,M,25,14,MN
483,M,18,12,MN
484,F,1,10,MN
485,M,56,7,MN
486,M,56,0,CA
487,F,35,17,MN
488,M,25,12,MN
489,M,18,4,MN
490,M,1,10,MN
491,M,18,4,MN
492,M,25,12,MN
493,M,50,7,MN
494,F,35,0,PA
495,M,18,10,MN
496,M,18,4,MN
497,F,25,17,MN
498,M,35,17,MN
499,F,25,1,MN
500,F,18,2,MN
501,M,25,2,MN
502,M,35,6,MN
503,M,35,11,OK
504,M,25,2,PA
505,M,35,17,TN
506,M,25,16,MN
507,F,25,0,MN
508,M,25,12,MN
509,M,25,2,MN
510,M,18,12,MN
511,F,45,4,PA
512,M,35,0,MN
513,M,25,0,MN
514,M,25,2,MN
515,M,25,1,MN
516,F,56,14,MN
517,F,25,14,MN
518,F,35,12,TX
519,F,35,14,MN
520,F,35,20,MN
521,M,56,7,MN
522,M,25,12,MN
523,M,50,7,MN
524,M,18,0,CA
525,M,35,6,PA
526,M,45,17,CA
527,F,25,2,NY
528,F,18,17,ID
529,M,35,12,CA
530,M,25,2,NY
531,F,18,14,VA
532,M,25,7,CA
533,M,25,12,NC
534,M,25,15,MN
535,M,35,6,CA
536,M,25,20,MA
537,M,45,14,NJ
538,M,56,16,CA
539,M,25,2,MN
540,M,18,1,PA
541,F,18,4,ND
542,M,18,4,TX
543,M,25,5,MN
544,M,35,12,CA
545,M,35,17,MA
546,F,25,0,TN
547,M,35,12,TX
548,F,35,16,HI
549,M,25,6,WI
550,M,45,8,MD
551,M,35,20,MN
552,M,50,18,VA
553,M,25,2,CA
554,M,25,12,CA
555,M,18,4,WI
556,F,25,9,TN
557,M,56,1,GA
558,M,35,20,MN
559,F,25,7,IL
560,M,45,15,CO
561,F,18,14,MO
562,M,35,20,MI
563,M,25,4,WI
564,M,45,1,MI
565,M,25,16,OH
566,M,25,17,CA
567,M,35,20,IA
568,F,50,17,DE
569,F,18,4,OR
570,M,25,4,FL
571,M,50,5,CA
572,M,18,4,IL
573,F,35,2,WA
574,M,25,19,CA
575,M,25,12,CA
576,F,45,15,MD
577,M,35,0,MA
578,M,18,17,CA
579,M,25,5,FL
580,M,1,10,NJ
581,M,50,14,OK
582,M,18,4,KS
583,F,25,0,MI
584,F,25,0,CA
585,M,18,1,WI
586,M,35,14,WI
587,M,25,20,CA
588,F,25,11,VA
589,M,18,2,CA
590,F,35,6,WA
591,M,25,0,TX
592,M,18,0,CA
593,F,50,1,CA
594,F,56,13,IL
595,M,25,7,NY
596,F,25,1,MA
597,M,35,12,CO
598,M,35,7,CA
599,M,50,6,WI
600,M,35,17,KS
601,F,18,20,CT
602,F,56,6,NY
603,F,25,6,FL
604,M,45,17,FL
605,F,18,4,OH
606,F,1,10,MI
607,M,25,0,OH
608,M,18,4,PA
609,M,25,7,NY
610,M,25,4,TX
611,M,35,0,MD
612,M,50,7,CA
613,M,35,20,NY
614,M,35,1,CA
615,M,50,17,FL
616,M,25,7,CA
617,F,25,7,CA
618,M,25,0,OK
619,F,18,1,CA
620,M,18,0,NY
621,M,18,4,CA
622,M,25,0,CA
623,M,25,17,IL
624,M,25,1,TX
625,F,35,12,OH
626,M,18,4,TX
627,M,50,2,OR
628,F,35,0,MD
629,F,1,10,MI
630,F,35,14,CO
631,M,35,17,NC
632,M,45,17,NJ
633,M,25,17,CA
634,F,1,10,MI
635,M,56,17,FL
636,M,18,20,CA
637,M,35,12,OR
638,M,25,6,TX
639,M,45,17,AZ
640,M,18,4,IN
641,F,35,0,MN
642,F,35,1,TX
643,M,25,2,VA
644,M,25,20,CA
645,M,35,20,NY
646,M,35,7,NJ
647,M,35,12,AZ
648,F,25,12,CA
649,M,25,4,CO
650,M,25,17,MI
651,M,35,7,MD
652,M,18,20,NY
653,M,56,13,CA
654,M,50,7,TX
655,F,25,2,CA
656,F,45,16,CA
657,F,50,13,FL
658,F,25,0,NY
659,F,25,0,NC
660,M,45,16,LA
661,M,45,1,NY
662,M,18,4,WA
663,F,25,7,NY
664,M,35,18,OK
665,M,18,2,NY
666,F,18,0,NJ
667,M,25,18,WA
668,F,25,3,VA
669,M,25,17,GA
670,M,25,12,GA
671,M,18,4,IL
672,M,35,7,IN
673,M,25,20,NY
674,M,25,17,VA
675,M,25,20,MA
676,M,18,16,MN
677,M,50,2,CA
678,M,25,0,FL
679,M,35,16,SC
680,M,25,12,TN
681,M,35,7,GA
682,M,25,4,NC
683,M,25,4,NC
684,M,25,4,NC
685,M,25,4,NC
686,M,18,4,NC
687,F,25,7,NY
688,M,56,13,NY
689,F,50,0,MI
690,M,25,12,CA
691,M,35,11,HI
692,F,25,0,AZ
693,M,35,12,WA
694,M,18,4,TX
695,F,18,1,ME
696,M,25,12,CA
697,F,50,6,OR
698,M,18,4,TX
699,M,18,0,OK
700,M,50,17,NY
701,F,18,4,MA
702,M,35,7,CA
703,F,56,1,OH
704,F,35,8,AZ
705,M,25,4,MI
706,M,35,20,TX
707,M,35,7,PA
708,M,25,0,TN
709,M,18,0,CA
710,M,25,20,AZ
711,M,25,18,CO
712,M,25,0,CA
713,M,35,7,TX
714,M,18,4,TX
715,M,18,0,WI
716,M,18,4,WA
717,M,25,11,CA
718,M,18,2,CA
719,M,1,0,TX
720,M,18,0,MN
721,F,35,9,OR
722,M,25,12,MN
723,M,25,12,WA
724,M,50,13,CA
725,M,56,11,NJ
726,F,25,9,TX
727,M,35,11,CA
728,M,25,6,NY
729,M,35,12,AZ
730,M,25,0,NY
731,M,45,3,MN
732,M,25,7,NJ
733,M,35,16,GA
734,M,25,7,CA
735,M,25,14,ME
736,M,18,12,NJ
737,M,1,19,WI
738,M,18,17,WA
739,M,35,12,MN
740,M,25,14,VA
741,M,25,5,OH
742,M,18,0,WI
743,F,1,2,IL
744,M,25,17,TX
745,M,1,10,CA
746,F,18,19,CA
747,M,18,4,WA
748,M,25,0,IL
749,M,35,18,MN
750,F,35,9,NY
751,F,25,17,OR
752,F,25,3,OR
753,M,1,10,KY
754,M,35,7,TN
755,F,35,0,CA
756,M,35,0,CA
757,M,25,12,OR
758,M,35,7,PA
759,F,56,3,NV
760,M,56,15,CA
761,M,18,7,AK
762,M,1,10,MO
763,M,18,10,RI
764,M,18,20,AZ
765,M,25,17,OK
766,F,25,7,CA
767,M,25,12,OH
768,M,25,12,PA
769,M,45,17,MA
770,M,18,4,WA
771,F,50,1,TX
772,M,18,12,NV
773,M,25,6,MI
774,M,18,4,VA
775,M,1,17,MN
776,F,25,3,CA
777,M,18,19,NM
778,M,18,17,FL
779,M,25,0,IL
780,M,25,17,CA
781,M,18,4,CA
782,M,56,1,NC
783,M,25,4,WI
784,M,18,0,NY
785,M,18,19,SC
786,M,25,0,MN
787,M,18,4,TX
788,M,25,0,TN
789,M,18,1,KS
790,M,25,17,OH
791,M,35,7,NC
792,M,25,17,MA
793,F,35,14,TN
794,M,50,20,NY
795,F,35,14,PA
796,M,50,6,WA
797,F,50,7,VA
798,F,25,20,MI
799,F,25,5,WA
800,F,35,12,AR
801,F,25,20,CA
802,M,25,16,VA
803,M,18,4,KS
804,M,25,20,CA
805,M,35,12,TN
806,M,35,0,FL
807,M,18,4,NV
808,M,25,7,AZ
809,M,25,17,LA
810,M,25,12,WA
811,M,50,0,CA
812,M,25,6,TN
813,M,18,4,LA
814,F,18,4,CA
815,M,25,4,TN
816,M,45,0,CA
817,M,18,4,KY
818,M,18,4,IL
819,M,35,7,IL
820,M,35,7,TX
821,M,18,2,NY
822,F,25,1,NJ
823,M,25,0,CA
824,M,35,12,CA
825,M,56,1,MS
826,F,35,1,CO
827,M,45,2,MN
828,M,18,4,LA
829,M,1,19,WI
830,M,35,7,IL
831,F,45,0,MD
832,M,18,2,PA
833,M,35,7,IN
834,F,35,12,TX
835,M,56,0,CA
836,M,25,11,NY
837,M,56,7,NJ
838,M,50,17,CA
839,M,25,0,WA
840,F,25,3,RI
841,F,50,14,CA
842,F,18,0,MN
843,M,25,7,MI
844,M,25,0,CA
845,F,18,0,DC
846,M,25,5,CO
847,F,25,7,CO
848,M,25,15,CA
849,M,25,3,TX
850,M,35,0,IL
851,M,18,4,TX
852,M,25,5,CA
853,M,25,17,MN
854,F,25,16,OH
855,F,18,2,AR
856,F,45,6,MA
857,M,35,17,NY
858,M,35,14,NY
859,M,25,12,NY
860,M,18,0,TX
861,M,25,7,TN
862,M,35,7,NY
863,M,25,7,IL
864,F,25,0,OR
865,M,35,1,CA
866,M,1,10,NJ
867,M,45,12,CA
868,M,50,17,MA
869,M,18,20,CA
870,F,25,1,MA
871,M,1,10,TX
872,M,50,1,MD
873,M,56,6,PA
874,M,45,15,WV
875,M,1,10,CA
876,M,25,4,OH
877,M,25,0,CA
878,M,18,2,MA
879,M,45,16,CA
880,M,35,17,CA
881,M,18,14,TX
882,M,18,2,MA
883,F,35,14,CA
884,M,1,10,MI
885,M,35,0,MI
886,F,56,0,NY
887,F,56,16,MN
888,F,1,10,NJ
889,M,45,20,NY
890,M,18,4,CA
891,M,25,1,CO
892,M,35,0,TX
893,F,50,6,AZ
894,M,18,4,AA
895,M,50,1,FL
896,M,18,15,CA
897,M,25,6,CA
898,M,25,7,TX
899,F,25,1,GA
900,F,56,13,CA
901,F,56,0,CA
902,M,56,0,OH
903,M,56,13,TX
904,M,35,20,CA
905,F,45,12,NC
906,M,1,10,LA
907,F,45,6,CA
908,F,50,1,CA
909,M,45,7,CA
910,F,50,0,WA
911,M,50,0,WA
912,F,35,2,CA
913,M,25,0,MD
914,F,35,9,GA
915,M,25,7,AR
916,F,25,1,CA
917,M,50,6,CA
918,F,45,1,CA
919,F,35,1,CA
920,M,18,4,CA
921,M,25,17,CA
922,M,56,16,MI
923,M,25,7,TN
924,M,50,17,WA
925,F,35,3,MI
926,M,1,10,NJ
927,F,25,20,CA
928,F,56,16,WA
929,M,25,15,WI
930,M,25,5,WA
931,F,56,1,CT
932,F,35,6,OR
933,M,45,1,MI
934,F,35,7,OR
935,M,35,14,IL
936,M,18,4,FL
937,M,25,15,IL
938,F,25,1,MA
939,F,25,20,VA
940,M,1,10,TX
941,M,18,20,OH
942,F,50,6,AZ
943,F,45,12,NJ
944,M,35,0,CA
945,M,45,7,MI
946,M,35,7,MI
947,M,18,0,MD
948,M,56,12,OH
949,M,50,17,HI
950,M,35,7,MD
951,M,45,2,NY
952,M,56,16,OR
953,M,50,20,OR
954,F,25,0,MD
955,F,50,7,CA
956,M,35,1,MN
957,M,35,1,SC
958,M,35,2,MI
959,M,50,11,OH
960,M,1,10,OH
961,M,18,10,NY
962,F,25,1,CO
963,M,25,0,MI
964,M,25,7,CA
965,M,56,7,NY
966,M,56,2,CA
967,F,18,0,OH
968,M,50,12,CA
969,F,25,11,PA
970,M,25,0,NC
971,M,25,12,OH
972,M,45,1,MA
973,F,25,1,CO
974,M,35,19,CA
975,M,35,0,WA
976,M,35,14,NV
977,M,25,2,CO
978,M,18,0,PA
979,M,1,10,MI
980,M,25,6,CA
981,M,25,20,MA
982,F,25,9,CA
983,F,25,16,WA
984,M,50,16,CA
985,M,25,4,FL
986,F,56,0,PA
987,F,35,17,MI
988,M,50,11,MI
989,M,50,0,MD
990,M,18,6,NY
991,F,25,9,MI
992,F,35,3,MA
993,M,25,0,OH
994,M,18,2,CA
995,F,18,4,HI
996,M,25,17,WA
997,M,1,19,PA
998,M,45,20,NY
999,M,25,15,IL
1000,F,25,6,CA
1001,M,25,4,CA
1002,M,50,11,NJ
1003,M,25,2,PA
1004,M,25,3,CA
1005,M,35,11,NJ
1006,M,18,4,WI
1007,M,50,12,MA
1008,M,35,3,TX
1009,M,50,7,MI
1010,M,25,0,NY
1011,M,25,8,CA
1012,F,35,1,GA
1013,M,56,13,MA
1014,F,45,17,NH
1015,M,35,3,NY
1016,M,56,16,IL
1017,M,35,0,GA
1018,M,18,4,CA
1019,M,35,1,IL
1020,M,18,20,CA
1021,M,35,0,CA
1022,M,25,3,PR
1023,M,56,13,CA
1024,F,35,1,OK
1025,M,25,16,FL
1026,F,45,0,PA
1027,M,18,4,TX
1028,F,45,7,NH
1029,M,25,0,DC
1030,M,25,7,OR
1031,M,35,16,DE
1032,M,50,16,PA
1033,M,25,5,IL
1034,F,35,1,WY
1035,M,18,2,PA
1036,M,35,7,NC
1037,M,45,7,MA
1038,F,56,15,VA
1039,F,35,1,MA
1040,M,25,11,TX
1041,M,45,2,CA
1042,M,35,5,CA
1043,F,50,11,NM
1044,M,25,20,AR
1045,F,1,10,TX
1046,M,56,18,WI
1047,M,18,0,IL
1048,M,35,6,TX
1049,M,45,14,CA
1050,M,25,1,OR
1051,F,25,0,IL
1052,F,35,2,TX
1053,M,35,0,PA
1054,M,1,10,TX
1055,M,35,0,CA
1056,M,1,0,MI
1057,M,45,17,OK
1058,M,25,1,OR
1059,F,25,0,OR
1060,M,18,10,NY
1061,M,45,0,IN
1062,M,50,19,MT
1063,M,35,7,IA
1064,M,25,7,CA
1065,F,25,0,CA
1066,M,45,12,MA
1067,M,35,12,CA
1068,F,18,4,TX
1069,M,25,20,WA
1070,F,45,2,DC
1071,M,50,16,NY
1072,F,35,7,NJ
1073,F,25,6,AR
1074,M,45,17,MI
1075,F,25,6,IL
1076,F,25,3,NC
1077,M,25,3,IL
1078,F,45,9,CA
1079,M,25,7,WA
1080,M,56,7,NJ
1081,M,18,4,NE
1082,M,45,7,MI
1083,M,56,0,NC
1084,M,1,19,NH
1085,M,25,7,FL
1086,M,18,4,WA
1087,M,25,16,NJ
1088,F,1,10,WA
1089,M,35,6,TN
1090,M,25,7,CA
1091,M,18,5,FL
1092,F,18,4,MI
1093,M,50,14,IL
1094,F,18,0,CA
1095,F,56,6,NJ
1096,M,1,10,CO
1097,M,18,17,CA
1098,M,35,7,CA
1099,M,25,17,TX
1100,M,25,0,IL
1101,M,35,1,CT
1102,M,18,1,MN
1103,F,45,7,IL
1104,M,35,11,NY
1105,M,35,6,MI
1106,M,18,4,CA
1107,F,50,1,MA
1108,M,56,1,CA
1109,M,18,10,OH
1110,F,56,6,TX
1111,F,50,16,OH
1112,M,18,6,PA
1113,M,18,4,OR
1114,F,18,9,TX
1115,F,25,1,IL
1116,M,25,15,CA
1117,M,18,14,NY
1118,M,50,13,MA
1119,M,35,1,CA
1120,M,18,4,CA
1121,M,56,7,TX
1122,M,56,14,MA
1123,M,50,0,CA
1124,M,25,2,IL
1125,F,18,4,WI
1126,M,56,16,NY
1127,M,25,0,NY
1128,M,25,1,AR
1129,M,35,17,VA
1130,M,18,7,IL
1131,M,56,13,NY
1132,M,18,12,WA
1133,M,18,2,CA
1134,M,18,20,PA
1135,M,50,13,WA
1136,F,35,7,CA
1137,M,18,4,NY
1138,M,18,12,NY
1139,M,25,1,CA
1140,F,45,2,OK
1141,F,25,3,UT
1142,M,18,1,OH
1143,M,50,7,CA
1144,M,25,7,CA
1145,M,50,3,CA
1146,F,18,16,CO
1147,M,25,20,WA
1148,M,35,17,CA
1149,M,25,12,WA
1150,F,25,20,TX
1151,M,25,15,IN
1152,M,18,4,GA
1153,M,18,10,FL
1154,F,1,10,WI
1155,M,25,12,CA
1156,F,50,2,FL
1157,M,45,7,GA
1158,F,35,1,WA
1159,M,18,0,MI
1160,M,18,14,NJ
1161,M,25,0,NY
1162,F,35,0,OR
1163,M,1,10,LA
1164,F,25,19,CA
1165,M,25,12,OH
1166,M,56,6,CA
1167,F,50,1,MN
1168,F,25,0,CA
1169,M,25,20,CA
1170,M,56,3,NY
1171,M,45,12,CA
1172,F,25,0,IL
1173,F,25,7,NY
1174,F,18,16,CA
1175,F,25,2,CA
1176,M,56,1,OH
1177,F,25,17,MA
1178,M,56,0,MI
1179,M,50,1,CA
1180,F,50,20,CA
1181,M,35,7,MD
1182,M,1,10,CA
1183,M,35,19,CA
1184,F,25,4,CA
1185,F,35,1,OR
1186,M,18,19,WA
1187,F,1,0,CA
1188,M,45,7,AR
1189,M,25,0,AZ
1190,M,45,0,WA
1191,F,35,0,WA
1192,M,50,16,WA
1193,M,25,12,CA
1194,F,25,1,CA
1195,F,1,10,NY
1196,F,18,14,VA
1197,M,35,1,OH
1198,M,1,10,MI
1199,M,50,13,TX
1200,M,1,0,OR
1201,M,18,4,UT
1202,M,35,12,OR
1203,F,25,1,CT
1204,M,25,7,CA
1205,F,56,0,IN
1206,F,50,7,FL
1207,M,50,0,OH
1208,M,25,0,NY
1209,M,35,7,CA
1210,M,25,17,NC
1211,M,18,4,NY
1212,F,50,1,IL
1213,M,50,0,CA
1214,M,56,13,CA
1215,M,35,17,VA
1216,M,25,2,CA
1217,M,25,12,CA
1218,M,56,15,NY
1219,M,25,7,NY
1220,M,1,10,MI
1221,M,18,0,PA
1222,M,35,0,IA
1223,M,25,2,IL
1224,M,50,13,MA
1225,M,45,7,IL
1226,M,18,20,NJ
1227,M,50,1,CA
1228,M,25,1,CA
1229,F,25,4,MI
1230,M,25,11,CA
1231,M,25,12,IL
1232,F,18,4,OH
1233,F,45,20,CA
1234,M,18,4,CA
1235,F,25,7,CA
1236,F,25,1,MI
1237,M,18,4,FL
1238,F,35,20,NY
1239,F,25,20,IA
1240,F,18,14,MA
1241,M,1,10,NY
1242,F,35,0,NY
1243,M,35,15,CA
1244,M,25,4,VA
1245,M,25,17,CO
1246,M,18,4,WA
1247,M,35,0,CA
1248,F,35,20,CA
1249,M,35,2,CA
1250,M,50,0,NY
1251,M,25,7,MI
1252,M,56,13,CA
1253,F,35,20,TX
1254,F,18,1,MA
1255,M,25,17,CA
1256,M,25,20,NY
1257,F,18,14,UT
1258,M,45,7,MD
1259,M,35,7,DC
1260,M,25,17,NC
1261,M,18,4,KY
1262,M,25,4,VA
1263,M,1,10,CO
1264,M,25,1,WI
1265,F,18,20,MI
1266,M,25,4,PA
1267,M,25,15,NY
1268,M,50,2,NY
1269,F,56,13,MA
1270,M,25,6,NY
1271,F,45,6,WI
1272,M,18,20,MI
1273,M,35,2,PA
1274,M,45,7,TN
1275,M,50,17,MS
1276,M,35,17,CA
1277,F,18,0,CT
1278,M,18,4,WA
1279,M,35,1,WA
1280,M,1,10,OR
1281,M,25,19,OR
1282,M,50,1,WA
1283,F,18,1,CA
1284,M,45,16,FL
1285,M,35,4,WA
1286,M,35,17,CA
1287,F,50,7,CA
1288,F,35,19,CA
1289,M,45,6,TX
1290,M,35,0,CA
1291,F,35,0,NY
1292,M,25,7,CA
1293,M,25,5,IL
1294,F,50,20,NY
1295,F,35,6,CA
1296,M,1,0,TX
1297,M,25,7,CA
1298,M,35,6,FL
1299,M,25,14,MA
1300,M,1,10,OR
1301,F,25,2,NY
1302,M,18,4,AZ
1303,M,25,19,CA
1304,M,25,14,OR
1305,M,45,20,CA
1306,M,25,3,MO
1307,M,56,13,TX
1308,M,1,10,TX
1309,M,25,14,TX
1310,M,45,0,CA
1311,M,18,10,CA
1312,M,25,14,IL
1313,M,18,4,OH
1314,F,18,4,NE
1315,M,35,7,TX
1316,M,50,2,IA
1317,M,45,7,WA
1318,M,18,16,CA
1319,F,25,3,WA
1320,M,25,4,VA
1321,F,25,14,FL
1322,M,56,0,CA
1323,F,35,2,NY
1324,M,35,16,NJ
1325,M,25,1,TX
1326,F,25,0,WA
1327,M,1,10,NY
1328,M,35,14,IL
1329,M,18,14,IL
1330,M,56,1,CA
1331,M,45,0,NY
1332,M,25,7,RI
1333,M,25,17,CT
1334,M,50,7,NY
1335,M,35,0,NY
1336,F,50,20,CA
1337,M,56,17,OR
1338,M,25,0,CA
1339,M,35,18,AZ
1340,M,25,7,NY
1341,M,18,7,NY
1342,M,35,0,CA
1343,M,35,14,CA
1344,F,25,9,OH
1345,F,25,2,TX
1346,M,35,20,NC
1347,F,18,1,NY
1348,F,1,10,ME
1349,M,50,7,NY
1350,F,35,0,CA
1351,F,25,17,WA
1352,M,35,20,CA
1353,M,1,10,CA
1354,F,25,2,CA
1355,F,45,20,ME
1356,F,18,4,CA
1357,M,45,0,FL
1358,M,35,17,MI
1359,M,35,1,NY
1360,M,25,20,NY
1361,F,25,0,OR
1362,M,35,12,TX
1363,M,50,7,MA
1364,F,45,2,OR
1365,F,1,10,IL
1366,M,1,10,NV
1367,M,25,12,WI
1368,F,25,3,IA
1369,M,25,5,NY
1370,M,35,2,CA
1371,F,50,2,IL
1372,M,1,10,CA
1373,F,25,1,MN
1374,M,50,1,CA
1375,F,45,5,CA
1376,F,45,1,FL
1377,M,35,16,MO
1378,F,45,7,MD
1379,F,56,13,CA
1380,M,1,10,ND
1381,M,18,11,NV
1382,F,45,1,CA
1383,F,25,7,DE
1384,M,18,10,WA
1385,F,25,5,CA
1386,F,25,0,NJ
1387,F,50,13,CA
1388,M,56,20,NM
1389,M,25,17,DE
1390,M,35,16,WA
1391,M,35,15,MD
1392,M,45,3,CA
1393,M,18,4,CT
1394,F,25,3,CA
1395,M,25,2,NJ
1396,F,25,12,CA
1397,M,35,7,MN
1398,F,56,16,CA
1399,M,18,17,NY
1400,M,25,7,CA
1401,F,18,1,CA
1402,M,18,4,CA
1403,F,25,0,WI
1404,M,50,16,CA
1405,M,56,13,FL
1406,M,25,4,CA
1407,F,35,15,WI
1408,M,25,0,CA
1409,M,18,4,OR
1410,M,50,7,CA
1411,M,35,1,NJ
1412,M,25,17,CA
1413,M,18,3,WA
1414,M,18,4,AZ
1415,M,45,14,VA
1416,M,25,14,WA
1417,M,35,16,NY
1418,M,18,4,MI
1419,F,25,1,CA
1420,M,18,4,MA
1421,F,1,10,WI
1422,M,35,17,MN
1423,M,25,4,NJ
1424,M,35,0,NC
1425,M,1,10,NJ
1426,M,18,14,CA
1427,M,25,12,MD
1428,F,45,11,KY
1429,F,35,3,NY
1430,M,18,4,OR
1431,M,56,6,CA
1432,M,35,1,CA
1433,F,18,14,MI
1434,F,1,10,MI
1435,M,25,14,MI
1436,F,50,6,OR
1437,M,50,3,NV
1438,M,18,2,MD
1439,M,35,3,WA
1440,M,35,12,CA
1441,M,35,16,WI
1442,M,18,2,NY
1443,M,35,2,WA
1444,F,25,4,CA
1445,M,25,2,WA
1446,M,35,12,NY
1447,M,18,4,CO
1448,F,25,3,PA
1449,M,35,20,PA
1450,M,18,4,CA
1451,M,35,20,CA
1452,F,56,13,CA
1453,M,25,14,PA
1454,M,18,4,CA
1455,F,45,0,CA
1456,M,25,2,WA
1457,M,25,1,CA
1458,M,1,0,NJ
1459,F,25,0,CO
1460,F,18,4,CA
1461,F,45,0,CA
1462,M,35,16,CA
1463,M,50,16,CA
1464,M,35,12,TX
1465,M,50,16,CA
1466,M,18,4,SC
1467,M,25,5,OR
1468,M,1,14,PA
1469,M,56,20,CA
1470,M,18,4,CA
1471,M,25,17,NY
1472,M,25,7,CA
1473,M,25,14,CT
1474,M,25,4,WA
1475,F,25,2,TX
1476,F,18,0,CA
1477,F,45,1,CA
1478,M,1,10,CA
1479,F,50,2,CA
1480,M,25,20,CA
1481,M,35,17,TX
1482,M,25,7,CA
1483,M,18,4,WI
1484,M,25,12,NJ
1485,F,25,9,CO
1486,M,25,16,CA
1487,M,35,7,NJ
1488,M,25,7,CA
1489,F,35,2,IL
1490,M,50,7,CA
1491,M,18,4,CT
1492,M,25,12,WA
1493,F,25,14,IL
1494,M,25,17,TN
1495,M,18,0,TX
1496,M,25,17,CA
1497,M,50,5,CO
1498,M,18,4,MA
1499,M,1,10,PA
1500,M,25,17,WA
1501,M,25,11,TX
1502,M,18,4,NY
1503,M,25,12,CA
1504,M,18,19,VA
1505,M,50,11,CA
1506,M,25,7,NJ
1507,M,35,17,CA
1508,F,1,10,CA
1509,M,1,0,NY
1510,F,25,1,MI
1511,M,35,12,NJ
1512,M,25,20,NY
1513,F,35,16,CA
1514,M,18,4,OR
1515,M,25,16,MI
1516,F,25,12,WI
1517,M,18,0,NY
1518,M,25,2,CA
1519,M,18,4,TN
1520,M,25,17,CA
1521,F,25,7,NJ
1522,M,35,20,NY
1523,M,25,17,CA
1524,M,18,4,CT
1525,F,25,16,CA
1526,M,56,17,CO
1527,M,18,10,TX
1528,M,25,15,CA
1529,M,18,4,OR
1530,M,25,4,WI
1531,M,45,17,IL
1532,M,18,14,OH
1533,M,45,1,AR
1534,M,50,12,NY
1535,F,18,20,CA
1536,F,35,3,WY
1537,M,18,20,MA
1538,M,25,3,VA
1539,M,25,3,MA
1540,M,45,0,OR
1541,M,56,17,VA
1542,M,18,17,NY
1543,M,25,11,NY
1544,M,25,12,MO
1545,M,25,20,DC
1546,M,25,4,VA
1547,M,56,13,MA
1548,M,35,1,WI
1549,M,35,6,MD
1550,M,18,4,NY
1551,M,25,11,DC
1552,M,45,20,NY
1553,F,25,15,MO
1554,F,35,12,PA
1555,F,18,0,DC
1556,M,18,4,MI
1557,F,18,4,NY
1558,M,18,6,IL
1559,M,35,8,NY
1560,F,25,3,AZ
1561,F,18,4,NY
1562,M,18,20,OH
1563,F,1,10,NM
1564,M,50,1,MA
1565,M,45,17,TX
1566,M,35,16,TX
1567,M,25,12,CT
1568,F,1,10,CA
1569,F,56,13,NJ
1570,M,18,17,TX
1571,M,25,20,WA
1572,F,25,3,MA
1573,M,1,0,TX
1574,M,25,6,CO
1575,F,50,7,CA
1576,F,45,9,AZ
1577,M,56,0,AR
1578,M,18,4,VA
1579,M,25,0,IL
1580,F,18,4,TX
1581,F,18,4,NY
1582,M,18,0,NY
1583,M,35,6,CA
1584,M,25,19,OH
1585,M,56,20,CA
1586,M,45,7,TX
1587,F,25,3,GA
1588,M,25,11,VA
1589,M,25,0,CA
1590,M,35,1,CA
1591,M,50,7,WV
1592,M,35,7,IA
1593,M,25,16,TX
1594,F,35,20,NY
1595,M,35,1,CA
1596,F,18,5,MI
1597,M,25,12,NY
1598,M,35,13,TX
1599,M,25,0,CA
1600,M,35,7,NJ
1601,M,25,12,WY
1602,F,25,7,NY
1603,F,25,0,NY
1604,M,25,11,IA
1605,F,18,0,NC
1606,F,35,3,MN
1607,M,45,1,MA
1608,M,25,11,TX
1609,F,35,9,CT
1610,M,25,11,MN
1611,M,25,0,NH
1612,M,25,17,NY
1613,M,18,20,IL
1614,M,35,0,CA
1615,F,45,7,NY
1616,M,25,0,PA
1617,M,25,12,OH
1618,M,50,0,OH
1619,M,50,3,MI
1620,M,25,20,MI
1621,M,25,4,NY
1622,M,18,4,WI
1623,M,50,15,NJ
1624,M,25,0,CT
1625,M,45,0,ME
1626,M,18,4,NY
1627,M,18,17,CA
1628,M,18,20,CA
1629,M,18,4,NY
1630,M,45,17,CA
1631,F,50,0,CA
1632,M,25,16,CA
1633,F,45,7,AK
1634,F,56,0,TN
1635,M,25,0,OR
1636,F,25,19,IL
1637,M,56,0,CA
1638,F,18,17,CA
1639,M,25,17,CA
1640,M,35,17,CA
1641,M,25,0,CA
1642,M,50,13,IL
1643,M,45,2,CA
1644,M,18,12,CA
1645,F,18,9,IL
1646,M,25,20,CA
1647,M,18,18,WA
1648,M,50,14,AZ
1649,M,18,19,WA
1650,M,25,19,CA
1651,M,25,12,CA
1652,M,25,16,WA
1653,M,18,0,CA
1654,F,45,0,CA
1655,M,18,4,CA
1656,M,25,17,CA
1657,F,45,0,NY
1658,F,35,6,CA
1659,F,18,9,AK
1660,F,25,2,CA
1661,M,35,7,CO
1662,M,25,12,CA
1663,M,18,4,TX
1664,F,18,4,TX
1665,M,45,17,NM
1666,M,25,14,PA
1667,M,50,16,WA
1668,M,35,2,CA
1669,F,25,17,TX
1670,F,56,13,CA
1671,M,35,0,WA
1672,M,25,17,CA
1673,M,1,10,WA
1674,M,35,2,CA
1675,F,25,6,OR
1676,M,18,4,CA
1677,M,18,14,OR
1678,F,18,17,OR
1679,M,25,12,WA
1680,M,25,20,CA
1681,M,18,4,TX
1682,M,25,2,WA
1683,F,25,7,WA
1684,M,18,3,AZ
1685,M,35,12,CA
1686,M,35,12,CA
1687,M,25,3,AZ
1688,F,18,4,FL
1689,M,35,5,WA
1690,M,35,16,WA
1691,F,25,17,AZ
1692,M,35,20,OR
1693,M,25,12,WA
1694,M,25,12,WA
1695,M,25,1,OR
1696,M,35,7,CA
1697,F,18,4,WA
1698,M,35,2,OR
1699,F,25,19,WA
1700,M,25,20,WA
1701,F,25,4,OR
1702,M,18,10,OR
1703,M,18,15,TX
1704,M,25,4,WA
1705,F,18,4,AZ
1706,M,25,20,PA
1707,M,50,1,CA
1708,M,25,0,MO
1709,M,25,0,OK
1710,M,18,0,CA
1711,F,18,4,GA
1712,M,25,0,OK
1713,M,25,0,IN
1714,M,25,17,OH
1715,M,25,16,WI
1716,M,25,0,OH
1717,F,50,6,GA
1718,M,18,4,OH
1719,M,18,16,IL
1720,M,18,4,CA
1721,M,18,19,LA
1722,M,35,0,AR
1723,M,35,17,IL
1724,M,18,4,PR
1725,M,18,19,KS
1726,M,25,2,IL
1727,M,35,16,IA
1728,M,18,4,NY
1729,M,25,7,WI
1730,F,18,4,IL
1731,F,18,0,CA
1732,M,18,4,NY
1733,M,18,14,OH
1734,M,45,17,CA
1735,M,18,20,GA
1736,M,56,8,PR
1737,M,35,20,IN
1738,M,35,16,GA
1739,M,56,16,TX
1740,M,56,1,CA
1741,M,35,7,CA
1742,M,25,15,NJ
1743,M,35,17,TX
1744,M,35,12,IA
1745,M,45,0,CA
1746,M,25,4,FL
1747,M,25,0,CA
1748,M,50,1,ME
1749,M,25,2,NY
1750,M,50,5,NY
1751,M,35,20,TX
1752,M,25,3,HI
1753,M,35,6,CA
1754,M,18,19,NC
1755,F,18,4,TX
1756,F,25,1,TX
1757,M,25,4,TX
1758,F,25,0,FL
1759,M,25,16,VA
1760,F,25,3,CA
1761,M,35,0,AR
1762,M,25,14,TX
1763,M,35,7,TX
1764,M,18,0,TX
1765,M,18,4,NY
1766,F,45,0,CA
1767,M,25,20,TX
1768,M,45,16,TX
1769,M,25,17,TX
1770,M,35,16,TX
1771,M,25,17,TX
1772,M,56,2,CA
1773,M,18,4,NJ
1774,M,25,17,WA
1775,M,25,4,LA
1776,M,25,0,OH
1777,M,25,20,PA
1778,M,18,4,CA
1779,M,18,1,TX
1780,M,35,1,VA
1781,F,35,0,NJ
1782,M,45,0,VA
1783,M,18,4,NY
1784,M,18,20,PA
1785,M,18,4,ME
1786,M,45,1,AZ
1787,M,18,8,CA
1788,M,45,2,PA
1789,M,1,10,PA
1790,M,25,0,PA
1791,M,18,4,PA
1792,F,25,2,WI
1793,M,25,4,DC
1794,M,25,11,MD
1795,M,18,17,MD
1796,M,50,11,MD
1797,M,35,7,IA
1798,M,45,11,VA
1799,M,35,11,LA
1800,M,18,4,LA
1801,F,25,6,WI
1802,M,18,4,VA
1803,M,25,2,IA
1804,M,25,7,VA
1805,M,18,4,VA
1806,M,18,4,VA
1807,M,18,17,MD
1808,F,18,4,VA
1809,F,25,14,NY
1810,M,50,13,CA
1811,M,56,2,NJ
1812,F,25,12,MI
1813,F,35,6,CA
1814,M,50,7,NY
1815,M,1,1,GA
1816,F,35,9,MN
1817,M,35,1,WI
1818,M,1,8,MA
1819,F,35,12,OH
1820,M,25,20,IA
1821,M,25,20,OH
1822,F,25,0,WI
1823,F,35,1,CA
1824,F,18,4,OH
1825,M,25,7,IA
1826,M,45,11,MI
1827,F,25,1,NJ
1828,M,18,4,NJ
1829,M,25,16,NJ
1830,M,18,4,NY
1831,M,18,4,WI
1832,F,18,4,NY
1833,M,18,17,NJ
1834,M,35,5,NY
1835,M,25,19,NY
1836,M,25,0,NY
1837,M,25,2,NJ
1838,M,35,7,NY
1839,M,18,4,NJ
1840,M,25,12,NY
1841,M,18,0,CA
1842,M,18,4,WI
1843,M,25,12,NY
1844,F,18,4,WI
1845,M,25,2,NY
1846,M,45,12,CA
1847,M,18,4,IL
1848,M,35,5,NY
1849,M,35,7,NY
1850,M,18,5,NY
1851,M,25,19,MT
1852,M,25,12,NY
1853,M,50,0,CA
1854,M,25,0,CA
1855,M,18,4,CA
1856,M,56,7,CA
1857,M,1,10,CA
1858,F,18,4,MT
1859,F,25,4,KS
1860,M,56,16,CA
1861,M,50,16,CA
1862,M,50,14,CA
1863,M,18,4,CA
1864,M,35,7,CA
1865,F,18,1,CA
1866,M,25,7,CA
1867,M,50,7,CA
1868,M,50,11,CA
1869,M,45,14,CA
1870,M,56,13,AZ
1871,F,45,1,IN
1872,M,50,20,CA
1873,M,35,7,MA
1874,M,45,7,CA
1875,M,35,12,CA
1876,M,25,12,CA
1877,F,45,20,CA
1878,M,1,10,CA
1879,M,25,4,SC
1880,M,35,0,CA
1881,M,35,2,CA
1882,M,35,16,CA
1883,F,50,0,CA
1884,M,45,20,CA
1885,M,50,17,CA
1886,M,25,12,CA
1887,M,56,15,CA
1888,M,35,12,CA
1889,M,18,14,CO
1890,M,50,6,CA
1891,M,45,1,CA
1892,M,25,20,CA
1893,F,35,0,CA
1894,F,35,7,CA
1895,M,35,14,NV
1896,M,56,13,CA
1897,F,50,2,CA
1898,M,25,12,CA
1899,F,45,6,MA
1900,M,56,12,CA
1901,M,50,7,CA
1902,M,25,19,CA
1903,M,35,0,CA
1904,M,18,1,GA
1905,F,35,20,CA
1906,F,25,5,CA
1907,M,35,17,CA
1908,M,56,13,CA
1909,M,18,4,NV
1910,M,1,10,CA
1911,F,18,4,CA
1912,M,25,4,CA
1913,M,25,17,CA
1914,F,35,14,CA
1915,M,50,13,MA
1916,M,45,7,CA
1917,M,18,10,CA
1918,F,45,6,CA
1919,M,1,0,CA
1920,F,35,7,CO
1921,M,56,12,CA
1922,F,25,7,CA
1923,M,35,7,CA
1924,F,56,6,CA
1925,M,50,7,CA
1926,F,1,0,CA
1927,M,35,7,CA
1928,M,1,10,CA
1929,F,1,10,CA
1930,M,25,15,CA
1931,M,25,2,CA
1932,M,25,7,CA
1933,M,18,19,CA
1934,M,25,17,CA
1935,M,1,10,CA
1936,M,35,0,CA
1937,M,25,11,CA
1938,F,25,2,CA
1939,F,35,2,CA
1940,M,25,12,CA
1941,M,35,17,CA
1942,M,35,5,ME
1943,M,18,4,CA
1944,F,18,4,CA
1945,M,25,20,CA
1946,M,25,14,CA
1947,M,25,7,CA
1948,M,1,10,CA
1949,M,18,17,CA
1950,M,25,12,MI
1951,F,18,4,CA
1952,M,35,1,CA
1953,F,25,2,CA
1954,M,25,16,CA
1955,M,1,19,NH
1956,M,35,0,OH
1957,F,18,4,VA
1958,F,25,1,PA
1959,F,50,13,WI
1960,M,45,7,MN
1961,F,50,3,CA
1962,F,18,1,IL
1963,F,50,9,CA
1964,F,25,6,NV
1965,M,56,17,MI
1966,M,25,20,CA
1967,M,50,7,CA
1968,M,25,11,AZ
1969,F,25,3,CA
1970,M,50,13,NV
1971,F,25,14,CO
1972,M,45,17,CA
1973,M,25,1,VA
1974,M,35,17,NY
1975,M,18,4,OR
1976,M,35,5,ND
1977,M,56,6,MA
1978,M,1,10,OH
1979,M,56,17,MI
1980,M,35,7,CT
1981,M,56,1,CO
1982,M,1,10,CO
1983,M,25,14,CA
1984,M,18,10,CA
1985,M,45,12,CA
1986,M,50,13,CA
1987,M,25,17,IL
1988,F,25,1,AZ
1989,M,50,6,MA
1990,M,25,7,AZ
1991,M,25,20,MI
1992,M,18,4,AZ
1993,M,35,17,AK
1994,M,35,2,NV
1995,M,25,1,AZ
1996,M,35,0,AZ
1997,M,25,0,UT
1998,F,50,9,VA
1999,F,35,3,MA
2000,M,18,4,OH
2001,M,50,1,MI
2002,F,56,13,MA
2003,M,1,10,CO
2004,M,45,19,WI
2005,M,18,4,ND
2006,M,35,0,KS
2007,M,50,16,CO
2008,M,25,3,MI
2009,F,35,7,IL
2010,M,18,4,CO
2011,F,35,3,MA
2012,M,25,4,MI
2013,M,45,0,IL
2014,M,18,4,WI
2015,M,18,4,MA
2016,F,56,2,MD
2017,M,25,17,AL
2018,M,35,16,IN
2019,M,50,1,NC
2020,M,25,7,OH
2021,M,25,0,IL
2022,M,25,7,IL
2023,M,18,4,MN
2024,M,1,19,CT
2025,M,56,13,NH
2026,M,50,16,MI
2027,F,25,9,MI
2028,M,45,6,OH
2029,F,25,12,NY
2030,M,25,4,TX
2031,M,35,20,IL
2032,M,50,14,OH
2033,F,45,20,CA
2034,F,45,2,MA
2035,F,18,0,OH
2036,F,25,14,CA
2037,M,56,14,MA
2038,F,45,1,FL
2039,M,50,16,IL
2040,F,25,7,MA
2041,F,25,20,VA
2042,M,1,10,TX
2043,M,25,14,TN
2044,F,45,0,MI
2045,F,1,0,VA
2046,M,35,1,CA
2047,M,1,10,CT
2048,M,50,6,MI
2049,F,50,0,NY
2050,F,35,3,AK
2051,M,35,7,CA
2052,M,1,10,IN
2053,M,45,11,CT
2054,M,25,12,NH
2055,M,50,11,MI
2056,M,25,4,MN
2057,M,35,1,MI
2058,F,56,1,CT
2059,M,35,0,OH
2060,M,1,1,MI
2061,M,56,1,OH
2062,M,18,4,OH
2063,M,25,4,OH
2064,M,35,1,MA
2065,M,25,6,IN
2066,F,25,6,WI
2067,M,50,16,CT
2068,F,35,12,OH
2069,M,56,15,TX
2070,F,35,6,NY
2071,M,45,7,MA
2072,F,50,12,MD
2073,F,18,4,NY
2074,M,18,4,MI
2075,F,25,4,NY
2076,M,18,4,NY
2077,M,18,0,MN
2078,M,18,4,NY
2079,M,1,10,OH
2080,M,25,11,TN
2081,M,18,17,MI
2082,M,1,19,MI
2083,M,18,4,MO
2084,M,18,4,VA
2085,M,18,0,CT
2086,M,35,14,MI
2087,M,25,0,TN
2088,M,50,7,IL
2089,M,35,17,PA
2090,M,35,17,MI
2091,F,35,20,MI
2092,M,56,1,MI
2093,M,18,0,MI
2094,M,35,2,IL
2095,M,56,13,ND
2096,F,25,17,FL
2097,M,18,5,MI
2098,M,35,20,MI
2099,F,18,0,MI
2100,F,25,0,VA
2101,M,25,16,MI
2102,M,25,11,MI
2103,M,35,12,NH
2104,M,45,15,IL
2105,M,25,1,VA
2106,F,18,20,MI
2107,M,25,1,VA
2108,M,1,10,IL
2109,M,25,16,NY
2110,M,50,11,IN
2111,M,56,13,FL
2112,F,45,12,VA
2113,M,25,6,ME
2114,M,18,18,MD
2115,M,35,17,MA
2116,M,18,4,MI
2117,M,56,13,MI
2118,M,25,14,MA
2119,M,35,4,NY
2120,M,1,0,MA
2121,M,56,13,MA
2122,M,35,12,IL
2123,F,35,0,NY
2124,M,25,0,NY
2125,M,35,3,IN
2126,M,56,14,MA
2127,M,18,4,NY
2128,F,45,1,IN
2129,M,25,5,ME
2130,M,45,0,NH
2131,M,25,0,MA
2132,M,56,14,MA
2133,F,1,10,MA
2134,M,18,10,MA
2135,M,50,1,MA
2136,M,35,18,NY
2137,F,1,10,PR
2138,F,18,4,NM
2139,F,50,3,FL
2140,M,45,14,IN
2141,F,50,16,MI
2142,F,45,14,IN
2143,M,18,4,FL
2144,M,18,0,IN
2145,M,18,10,FL
2146,M,18,2,CA
2147,F,18,0,IL
2148,F,18,0,CO
2149,M,25,0,IL
2150,F,18,4,VA
2151,M,56,13,FL
2152,M,18,4,VA
2153,M,18,16,OR
2154,M,25,12,NE
2155,F,1,10,IA
2156,M,18,19,MN
2157,F,18,3,OH
2158,M,25,12,IL
2159,F,50,14,IL
2160,F,18,19,IN
2161,F,35,2,CA
2162,F,1,10,AL
2163,M,18,0,NM
2164,M,35,0,CA
2165,M,25,7,FL
2166,M,1,10,WA
2167,F,25,6,CA
2168,M,1,10,IL
2169,M,1,0,CA
2170,F,50,16,WA
2171,M,35,0,MI
2172,M,18,20,IL
2173,M,50,13,NM
2174,M,50,12,NM
2175,M,25,4,WA
2176,M,1,19,OK
2177,F,35,20,CA
2178,M,45,14,AZ
2179,F,25,0,NC
2180,M,25,12,NC
2181,M,25,0,OH
2182,F,25,4,IL
2183,F,56,1,NY
2184,M,18,4,OH
2185,M,45,17,NC
2186,M,18,5,KY
2187,M,45,16,IL
2188,F,18,19,IL
2189,M,1,10,IL
2190,F,25,15,NC
2191,M,18,4,OH
2192,F,25,0,NC
2193,M,1,10,KY
2194,M,25,17,OH
2195,M,1,10,IL
2196,M,25,12,OH
2197,F,25,1,NC
2198,F,35,9,IN
2199,M,1,10,IL
2200,M,35,1,IL
2201,M,56,20,IN
2202,F,1,10,NY
2203,M,45,12,WI
2204,M,56,3,CA
2205,F,25,7,NY
2206,M,45,7,NY
2207,M,18,4,NJ
2208,M,25,0,NY
2209,M,35,7,NY
2210,M,45,17,NM
2211,M,45,6,MA
2212,M,18,4,CO
2213,F,25,0,IL
2214,F,25,1,IN
2215,F,25,0,CA
2216,F,25,20,IL
2217,M,1,10,OH
2218,M,35,17,MO
2219,M,25,6,IL
2220,F,50,3,CA
2221,M,56,17,CA
2222,F,45,1,NY
2223,M,25,2,IL
2224,M,25,12,IL
2225,M,25,5,HI
2226,F,25,7,NC
2227,M,50,14,IL
2228,M,25,12,IL
2229,M,45,0,IL
2230,F,45,1,IL
2231,M,50,11,AZ
2232,M,25,14,IL
2233,F,35,3,IL
2234,M,56,1,AZ
2235,M,1,10,IN
2236,M,1,10,HI
2237,F,35,6,NY
2238,F,25,4,FL
2239,M,18,10,IL
2240,M,45,12,MO
2241,M,45,5,IL
2242,M,18,4,IL
2243,M,45,2,AZ
2244,M,1,10,IL
2245,M,1,10,IL
2246,M,25,0,IL
2247,M,45,2,IL
2248,F,35,12,IN
2249,M,25,5,IL
2250,M,18,19,IL
2251,M,35,14,IL
2252,F,18,1,MA
2253,F,50,0,IN
2254,M,35,5,FL
2255,F,35,6,OH
2256,F,45,15,MT
2257,F,18,4,MT
2258,F,18,4,NY
2259,F,56,16,LA
2260,F,25,20,IN
2261,M,25,5,FL
2262,M,45,17,MI
2263,M,25,6,LA
2264,F,45,7,TN
2265,M,56,13,IL
2266,F,50,2,MI
2267,F,56,13,TN
2268,F,35,1,IN
2269,F,45,0,NY
2270,M,18,1,NY
2271,M,50,14,NY
2272,M,25,0,AR
2273,M,25,6,VA
2274,M,18,2,AA
2275,M,56,7,MS
2276,M,56,13,OH
2277,F,45,9,NY
2278,M,50,17,MA
2279,M,50,7,NJ
2280,M,56,6,OK
2281,M,45,11,MI
2282,M,50,2,FL
2283,M,35,18,OH
2284,M,25,20,CA
2285,F,1,10,NY
2286,M,35,17,WY
2287,M,56,0,CT
2288,M,1,10,NY
2289,F,50,1,IA
2290,M,25,0,IL
2291,M,45,1,NY
2292,M,50,15,NY
2293,F,56,3,MI
2294,M,56,13,MI
2295,M,45,11,AR
2296,F,25,6,VA
2297,M,56,13,IA
2298,M,35,17,TX
2299,F,18,10,NY
2300,M,56,13,MI
2301,F,25,12,MA
2302,M,50,12,MI
2303,M,50,17,NJ
2304,M,45,12,CA
2305,M,50,20,MI
2306,F,18,4,MA
2307,M,25,17,MA
2308,F,45,16,MI
2309,F,45,0,NJ
2310,M,45,12,MI
2311,F,25,4,VA
2312,M,45,0,NY
2313,F,50,6,MI
2314,F,25,1,NY
2315,M,56,7,MI
2316,M,35,0,NY
2317,F,45,9,SD
2318,M,56,7,MI
2319,M,35,7,MI
2320,F,50,1,CT
2321,M,25,7,GA
2322,F,56,13,MI
2323,M,35,3,NY
2324,M,35,17,IA
2325,F,18,4,NC
2326,M,18,4,MA
2327,M,18,10,MI
2328,M,56,7,NY
2329,F,56,15,OR
2330,M,45,7,MI
2331,M,56,1,MI
2332,M,56,14,MA
2333,M,50,6,NY
2334,F,56,7,MA
2335,M,50,17,MI
2336,M,35,18,NY
2337,M,35,17,MI
2338,M,45,17,NY
2339,F,56,3,IA
2340,M,35,2,MI
2341,M,56,1,NY
2342,M,35,3,MI
2343,F,45,1,MA
2344,M,25,12,MA
2345,M,35,16,WA
2346,F,1,10,MI
2347,M,35,1,MI
2348,M,50,12,CT
2349,M,25,8,IA
2350,M,18,4,OH
2351,F,25,0,NY
2352,M,50,13,KY
2353,F,35,9,IL
2354,M,35,11,CA
2355,F,45,9,NY
2356,F,50,16,NY
2357,F,35,14,NY
2358,F,56,6,CT
2359,M,56,13,NY
2360,M,50,6,NY
2361,M,56,7,MI
2362,M,25,14,CA
2363,M,50,14,CA
2364,F,56,9,NY
2365,M,50,7,NY
2366,F,45,16,MA
2367,F,25,9,MI
2368,F,56,13,NY
2369,M,35,14,CT
2370,M,50,1,NY
2371,F,35,7,CT
2372,F,45,7,MA
2373,M,45,7,CA
2374,M,25,14,CA
2375,F,50,7,NY
2376,M,25,1,NY
2377,M,35,0,CT
2378,M,25,3,TX
2379,M,18,18,NY
2380,M,25,4,VA
2381,F,35,9,NY
2382,M,50,13,MT
2383,F,25,14,CA
2384,M,35,17,IL
2385,F,45,2,MA
2386,F,25,0,CT
2387,M,25,17,FL
2388,M,56,5,CT
2389,M,25,16,TN
2390,F,25,6,FL
2391,M,50,18,NY
2392,F,56,3,CT
2393,M,56,13,NY
2394,M,35,6,TN
2395,M,35,7,NJ
2396,F,18,0,VA
2397,F,35,11,OH
2398,M,25,0,WA
2399,M,35,17,NY
2400,F,25,16,CA
2401,M,25,4,VA
2402,M,45,17,FL
2403,M,18,4,TN
2404,M,18,7,MO
2405,M,50,8,TX
2406,F,56,12,MA
2407,M,35,16,NY
2408,F,45,1,MA
2409,F,35,9,CT
2410,M,56,7,CT
2411,F,35,14,MA
2412,M,56,13,MA
2413,F,56,7,CT
2414,M,25,1,MI
2415,M,25,7,VA
2416,M,45,7,MA
2417,M,45,1,WI
2418,F,1,10,CT
2419,M,25,0,CT
2420,M,50,7,TN
2421,M,35,7,OH
2422,F,50,9,RI
2423,F,45,9,MA
2424,M,25,17,CA
2425,F,35,14,OH
2426,M,56,0,MA
2427,F,25,14,CA
2428,M,45,17,OH
2429,M,25,2,VA
2430,M,25,4,VA
2431,F,25,4,VA
2432,M,25,4,VA
2433,M,25,4,VA
2434,M,25,4,VA
2435,M,25,4,VA
2436,M,25,7,VA
2437,M,25,4,VA
2438,M,35,1,VA
2439,M,45,17,MI
2440,M,50,17,MA
2441,F,45,6,KY
2442,M,35,17,AL
2443,F,35,0,MI
2444,F,45,4,KY
2445,M,25,0,MI
2446,M,18,7,NY
2447,M,25,14,NH
2448,M,35,6,TN
2449,M,56,13,TN
2450,M,45,16,MA
2451,M,45,12,TN
2452,M,45,7,MA
2453,M,25,7,MN
2454,M,18,0,OR
2455,M,35,7,MI
2456,M,25,5,MI
2457,M,25,0,IL
2458,M,25,7,AZ
2459,M,50,7,OH
2460,F,50,1,AL
2461,M,18,4,WA
2462,M,35,1,OH
2463,M,25,7,FL
2464,F,18,4,OH
2465,M,50,6,OH
2466,M,25,15,CA
2467,M,1,10,OH
2468,M,50,1,OH
2469,M,25,4,CA
2470,M,35,18,IA
2471,M,50,13,WA
2472,M,25,18,TN
2473,M,25,12,WA
2474,M,25,12,ID
2475,F,25,18,WA
2476,M,50,12,TX
2477,M,45,0,KY
2478,M,50,1,TN
2479,F,25,1,VA
2480,F,18,20,CA
2481,M,35,14,NH
2482,F,50,3,TN
2483,M,56,13,CA
2484,M,45,5,AA
2485,M,35,14,CA
2486,M,18,12,WA
2487,M,45,7,MN
2488,F,45,2,AA
2489,F,35,9,TN
2490,M,25,12,CA
2491,M,35,7,VA
2492,F,45,2,TN
2493,M,45,2,CA
2494,M,18,4,IA
2495,F,18,4,MN
2496,M,50,1,TN
2497,F,50,14,TN
2498,M,56,18,LA
2499,M,50,0,AL
2500,M,56,1,SC
2501,M,25,15,TN
2502,M,56,13,MI
2503,M,35,17,PA
2504,M,25,7,WA
2505,M,25,7,MN
2506,F,25,14,WA
2507,M,25,4,CA
2508,F,35,3,TX
2509,M,25,5,AL
2510,M,25,7,TN
2511,M,25,7,PA
2512,F,45,14,AL
2513,M,56,1,TN
2514,M,56,14,TN
2515,M,45,12,TN
2516,F,45,6,TN
2517,F,35,9,WI
2518,M,25,7,NY
2519,F,45,2,NY
2520,F,56,2,CA
2521,M,35,17,MI
2522,M,18,11,IL
2523,M,25,17,MI
2524,F,56,9,TN
2525,F,35,1,TN
2526,M,56,13,TN
2527,M,35,15,AL
2528,M,56,0,TN
2529,F,35,9,CA
2530,M,18,0,KY
2531,F,45,7,IA
2532,F,56,13,TN
2533,F,25,3,MI
2534,F,50,6,TN
2535,F,56,2,NH
2536,M,56,13,TN
2537,M,35,11,TN
2538,M,56,13,TN
2539,M,35,7,FL
2540,F,45,6,KY
2541,F,35,5,MI
2542,F,45,13,TN
2543,F,35,0,KY
2544,M,45,1,IA
2545,M,56,13,TN
2546,F,56,13,TN
2547,F,35,0,TN
2548,F,35,6,TN
2549,M,56,13,TN
2550,M,50,7,TN
2551,M,25,12,WA
2552,F,25,9,SC
2553,M,25,7,SC
2554,M,25,1,OR
2555,M,56,7,NY
2556,M,25,4,MA
2557,F,18,19,MA
2558,M,56,17,WI
2559,M,18,10,WI
2560,F,45,6,UT
2561,M,25,15,CT
2562,M,18,0,WA
2563,M,45,13,WI
2564,F,35,20,OH
2565,M,35,5,FL
2566,M,35,17,CA
2567,M,25,0,CT
2568,M,25,17,AA
2569,M,45,0,OH
2570,F,56,14,CA
2571,M,35,17,VA
2572,M,35,14,TX
2573,M,45,16,CA
2574,M,50,6,CT
2575,M,35,7,TX
2576,M,18,17,OR
2577,M,25,7,TX
2578,M,50,7,CA
2579,M,35,15,CA
2580,F,45,1,NY
2581,M,25,11,IL
2582,F,25,1,OR
2583,M,35,7,PA
2584,F,56,1,CA
2585,M,45,15,MO
2586,M,25,20,IN
2587,M,35,7,MN
2588,F,56,13,TX
2589,M,25,0,PA
2590,M,18,4,CA
2591,M,18,1,IA
2592,M,50,7,CO
2593,M,56,16,CA
2594,M,35,7,AA
2595,M,18,4,PA
2596,M,50,7,MI
2597,F,50,0,CA
2598,M,25,17,MD
2599,M,25,12,WI
2600,M,25,14,PA
2601,M,35,16,NC
2602,M,45,12,CA
2603,M,25,17,PA
2604,M,25,0,OH
2605,M,35,7,TX
2606,M,50,7,FL
2607,F,56,0,MI
2608,F,25,1,NY
2609,F,50,12,MN
2610,M,45,7,MI
2611,M,25,3,NJ
2612,F,45,3,CA
2613,M,35,1,CA
2614,M,25,7,PA
2615,M,25,7,MD
2616,M,35,7,MA
2617,F,45,15,IL
2618,F,18,4,WI
2619,M,35,12,CA
2620,M,18,4,IN
2621,M,18,0,IN
2622,F,35,6,NC
2623,M,56,1,GA
2624,F,35,0,OH
2625,M,35,7,IL
2626,M,56,1,ME
2627,M,25,1,CT
2628,F,25,2,NY
2629,M,25,11,PA
2630,F,18,5,TX
2631,F,50,1,NY
2632,M,56,0,OH
2633,F,35,9,NJ
2634,M,56,1,PA
2635,M,35,0,CT
2636,M,18,12,TX
2637,F,35,20,OH
2638,M,25,14,CT
2639,F,25,6,CO
2640,M,35,12,TX
2641,M,25,6,PA
2642,M,25,0,FL
2643,M,45,17,WA
2644,M,18,15,OH
2645,M,25,7,IL
2646,M,45,17,PA
2647,F,35,11,PA
2648,M,25,17,NC
2649,M,25,16,CO
2650,M,45,7,TX
2651,M,56,14,NY
2652,M,35,20,UT
2653,M,25,7,CA
2654,F,35,9,MI
2655,M,35,7,KS
2656,M,56,13,FL
2657,F,1,10,IN
2658,M,25,7,IL
2659,M,35,14,MA
2660,M,56,17,NC
2661,M,56,13,PA
2662,M,25,17,MA
2663,F,25,4,MA
2664,M,35,7,IA
2665,M,35,11,WA
2666,M,45,16,MO
2667,F,35,6,NJ
2668,F,25,4,CA
2669,M,45,0,VA
2670,M,35,6,CA
2671,F,35,12,WI
2672,M,35,7,ME
2673,M,35,7,TX
2674,M,25,4,CA
2675,M,35,18,WA
2676,M,56,20,TX
2677,F,35,7,KS
2678,M,25,6,MI
2679,F,18,4,MA
2680,M,25,12,MA
2681,F,25,4,MI
2682,M,18,4,OH
2683,M,35,7,IL
2684,F,18,0,PA
2685,M,45,7,MA
2686,M,25,0,AZ
2687,M,1,10,NJ
2688,M,25,17,WI
2689,M,25,12,NC
2690,M,25,7,VA
2691,M,18,4,CT
2692,F,18,4,NY
2693,M,56,13,AR
2694,M,18,4,CA
2695,M,35,11,IN
2696,M,25,7,VA
2697,F,50,17,NM
2698,F,25,2,NY
2699,F,56,13,OK
2700,M,25,7,GA
2701,M,45,1,IL
2702,M,45,6,MO
2703,M,35,11,IA
2704,M,56,13,AR
2705,M,25,1,NC
2706,F,25,1,NC
2707,M,56,13,VA
2708,M,25,7,OH
2709,F,25,0,IL
2710,M,35,17,CA
2711,F,25,4,MA
2712,F,18,19,FL
2713,M,25,7,HI
2714,M,18,4,HI
2715,F,50,4,HI
2716,F,50,4,HI
2717,M,25,4,HI
2718,F,25,4,HI
2719,M,25,12,WA
2720,M,35,0,MD
2721,M,45,14,PA
2722,M,35,7,VA
2723,F,25,9,NC
2724,F,45,2,NC
2725,M,35,7,GA
2726,M,45,11,MA
2727,M,25,11,IL
2728,M,35,12,NC
2729,M,50,7,PA
2730,M,35,11,MI
2731,M,35,7,NY
2732,M,45,17,CA
2733,M,45,17,CA
2734,F,18,4,RI
2735,M,25,7,VA
2736,M,45,12,CO
2737,M,25,3,IA
2738,F,50,2,VA
2739,F,35,7,CA
2740,M,45,17,VA
2741,M,25,14,IL
2742,M,25,17,AL
2743,M,25,14,AR
2744,M,18,17,WI
2745,F,35,1,GA
2746,M,50,14,IA
2747,F,18,4,CA
2748,M,25,4,AZ
2749,M,25,12,NY
2750,F,25,15,CA
2751,F,25,16,NC
2752,M,25,15,TX
2753,F,50,20,NC
2754,M,50,12,IL
2755,M,35,7,SC
2756,M,18,4,OR
2757,M,25,2,NY
2758,M,56,8,NY
2759,M,25,7,AL
2760,M,56,0,MA
2761,M,35,6,CO
2762,M,50,16,MO
2763,F,18,4,MI
2764,M,25,7,CA
2765,M,50,7,MA
2766,M,45,7,MN
2767,M,25,0,WA
2768,M,25,17,CA
2769,M,25,7,VA
2770,M,35,1,NY
2771,M,18,1,CA
2772,M,35,17,NY
2773,M,35,2,TX
2774,M,25,1,CA
2775,F,18,4,CA
2776,M,25,14,VA
2777,M,18,4,CA
2778,M,56,13,CA
2779,M,35,7,NY
2780,M,25,17,CA
2781,M,35,4,OH
2782,F,18,4,MI
2783,M,45,17,TX
2784,M,50,20,DC
2785,M,56,13,SC
2786,M,25,4,IL
2787,M,25,4,IL
2788,M,56,1,CA
2789,M,18,4,CA
2790,M,25,20,AZ
2791,M,56,7,NY
2792,M,18,4,MA
2793,M,35,7,LA
2794,M,25,2,DC
2795,M,50,13,FL
2796,M,25,14,CA
2797,F,25,7,CA
2798,M,35,20,NY
2799,M,18,0,MN
2800,F,18,4,OK
2801,F,25,3,NY
2802,M,35,20,NY
2803,M,25,7,CA
2804,F,35,0,IN
2805,M,56,19,CT
2806,M,1,10,PA
2807,F,35,11,VA
2808,M,56,16,IL
2809,M,25,7,NY
2810,F,1,10,MO
2811,M,25,19,CA
2812,M,25,17,IL
2813,M,25,20,MN
2814,M,35,7,MA
2815,M,35,17,IL
2816,M,25,7,IL
2817,M,35,12,WI
2818,M,25,12,MN
2819,M,45,14,OH
2820,F,35,0,MA
2821,M,18,20,NY
2822,M,50,7,NY
2823,M,25,4,MA
2824,M,18,4,MA
2825,F,25,20,CA
2826,M,35,12,NY
2827,M,25,17,CA
2828,M,18,4,MA
2829,M,45,20,NY
2830,M,35,7,CA
2831,M,25,0,FL
2832,M,25,17,DC
2833,M,25,15,AZ
2834,M,35,1,FL
2835,M,35,20,IL
2836,M,25,12,NJ
2837,M,18,0,MI
2838,M,18,1,CA
2839,M,25,17,NY
2840,M,25,0,IL
2841,M,50,12,WA
2842,M,35,17,GA
2843,F,25,4,TX
2844,M,25,20,NM
2845,M,25,4,OK
2846,F,18,4,CA
2847,M,18,4,NY
2848,M,25,0,IN
2849,M,45,11,CA
2850,M,18,20,CA
2851,F,25,7,CA
2852,M,25,12,WA
2853,M,1,1,OH
2854,F,18,4,MO
2855,M,25,4,CA
2856,M,35,11,VA
2857,M,25,0,NY
2858,F,1,10,AR
2859,M,18,1,CA
2860,M,35,17,DC
2861,M,25,15,CT
2862,M,45,7,MN
2863,F,25,2,NC
2864,F,35,3,NY
2865,F,25,6,MD
2866,M,25,7,WI
2867,M,45,17,PA
2868,M,35,12,CA
2869,M,50,17,NJ
2870,M,50,18,CA
2871,F,25,14,WA
2872,M,25,20,CA
2873,F,18,4,MO
2874,F,35,20,DC
2875,M,25,2,NY
2876,M,25,17,MA
2877,M,35,1,CO
2878,F,50,20,NM
2879,M,18,4,IL
2880,M,18,12,MN
2881,F,25,12,TX
2882,M,18,20,TX
2883,M,18,20,GA
2884,F,50,3,WI
2885,F,18,1,CO
2886,M,18,4,IL
2887,M,25,3,KS
2888,M,25,14,MN
2889,M,35,3,MN
2890,M,35,7,CA
2891,F,18,4,KS
2892,M,25,4,UT
2893,M,25,1,CA
2894,M,18,4,OH
2895,M,25,11,NJ
2896,M,18,14,IL
2897,M,25,5,OR
2898,M,18,4,MA
2899,M,35,14,CA
2900,M,18,12,CA
2901,M,25,17,TX
2902,M,25,12,WA
2903,M,25,16,MD
2904,M,25,4,PA
2905,M,35,17,MN
2906,M,35,19,MN
2907,F,35,5,NY
2908,M,18,2,OK
2909,M,25,7,OH
2910,M,1,19,TX
2911,F,25,4,MN
2912,F,18,4,MI
2913,F,35,20,WA
2914,M,25,4,CA
2915,M,25,7,VA
2916,M,45,2,WA
2917,M,25,0,IL
2918,M,25,12,WA
2919,M,18,17,NM
2920,M,25,2,MN
2921,M,50,1,WI
2922,M,25,17,IA
2923,M,35,12,OH
2924,F,18,4,CA
2925,F,25,4,VA
2926,F,18,2,MN
2927,M,25,12,VA
2928,M,25,2,CA
2929,M,18,2,IL
2930,M,50,17,OH
2931,M,18,4,PA
2932,M,25,12,MN
2933,M,35,11,FL
2934,F,35,20,CA
2935,M,25,0,MN
2936,F,18,4,CA
2937,F,18,4,MI
2938,F,25,0,MN
2939,F,25,15,CA
2940,M,25,0,MA
2941,M,35,12,WA
2942,F,50,1,CA
2943,M,35,12,CA
2944,F,18,4,MI
2945,F,35,17,NV
2946,M,35,16,CA
2947,F,25,0,MA
2948,M,18,14,MI
2949,M,25,17,WA
2950,M,18,0,AR
2951,F,35,14,CA
2952,M,25,4,CT
2953,M,25,20,VA
2954,M,18,2,NY
2955,M,35,14,CA
2956,M,25,12,IA
2957,M,18,4,MI
2958,M,25,7,CA
2959,M,35,17,CT
2960,M,18,4,MI
2961,M,50,17,CA
2962,M,35,3,CA
2963,F,18,4,MI
2964,M,25,17,NJ
2965,F,35,4,MI
2966,F,25,4,MI
2967,M,25,0,CA
2968,F,18,0,MI
2969,M,25,7,CT
2970,M,18,4,MI
2971,M,25,4,MI
2972,M,25,4,OR
2973,F,18,4,MI
2974,M,18,4,MI
2975,M,35,11,MD
2976,M,18,20,AZ
2977,F,18,4,MI
2978,M,35,20,OH
2979,M,35,2,OH
2980,M,45,7,CA
2981,M,45,6,IA
2982,M,25,4,WI
2983,M,18,4,OR
2984,M,25,4,MI
2985,M,18,4,OR
2986,M,25,4,VA
2987,M,18,4,PA
2988,F,18,6,CA
2989,M,35,12,OR
2990,M,35,12,OH
2991,M,50,1,MI
2992,M,18,4,NY
2993,M,18,19,NY
2994,M,35,5,CA
2995,M,25,15,OR
2996,M,18,0,MO
2997,F,35,16,OH
2998,F,25,1,OH
2999,M,25,7,FL
3000,M,25,4,MN
3001,M,18,4,CA
3002,M,45,11,CA
3003,M,18,15,CA
3004,F,18,4,MA
3005,M,25,17,CA
3006,M,18,4,OH
3007,M,35,0,FL
3008,M,18,4,CA
3009,F,35,3,MN
3010,M,25,12,TX
3011,M,25,1,NY
3012,M,25,12,TX
3013,M,45,17,OR
3014,M,35,7,CT
3015,M,56,6,IL
3016,M,18,12,TX
3017,F,35,9,AZ
3018,M,35,0,OH
3019,M,50,12,OR
3020,F,35,7,IL
3021,F,45,15,TX
3022,M,25,17,TX
3023,F,25,7,CA
3024,M,35,17,NY
3025,F,35,0,CA
3026,F,18,4,OH
3027,M,18,4,AZ
3028,M,1,10,NY
3029,M,18,4,CA
3030,M,35,1,MI
3031,M,18,4,MI
3032,M,25,0,IN
3033,M,18,4,RI
3034,F,18,1,FL
3035,F,25,7,CA
3036,M,56,13,NY
3037,F,25,2,OR
3038,F,35,2,OR
3039,F,50,3,FL
3040,M,25,8,VA
3041,M,25,4,OR
3042,M,56,1,MI
3043,M,18,2,CA
3044,M,35,16,TX
3045,M,45,1,CA
3046,M,1,4,IN
3047,F,25,4,CA
3048,M,18,2,MA
3049,F,50,0,MA
3050,M,35,12,CA
3051,M,18,17,CA
3052,M,35,12,NY
3053,F,25,3,MN
3054,M,18,4,OH
3055,F,25,3,WA
3056,M,25,18,NY
3057,F,25,12,MN
3058,M,18,12,MN
3059,M,35,0,TX
3060,F,35,1,CA
3061,M,45,2,SC
3062,M,18,4,NH
3063,M,18,4,NH
3064,M,35,17,CA
3065,F,18,4,MI
3066,M,18,4,IL
3067,F,25,0,MA
3068,F,35,9,KS
3069,M,18,4,OR
3070,F,18,4,NY
3071,M,25,1,MA
3072,M,50,1,MN
3073,M,25,0,CA
3074,M,25,0,VA
3075,F,25,11,CT
3076,M,35,17,GA
3077,M,18,4,OH
3078,F,35,1,MA
3079,F,25,1,MN
3080,M,25,20,MN
3081,M,25,7,TX
3082,F,35,6,OH
3083,F,50,0,OR
3084,M,25,16,MA
3085,M,25,4,TX
3086,M,18,12,WA
3087,F,1,1,CA
3088,F,25,4,NM
3089,M,45,16,CA
3090,M,25,2,CA
3091,F,25,0,PA
3092,M,35,15,WA
3093,F,45,20,NV
3094,M,35,0,GA
3095,F,25,3,CT
3096,F,45,3,TN
3097,F,25,5,NY
3098,M,25,4,MN
3099,M,25,17,MD
3100,F,25,6,CA
3101,M,18,15,CA
3102,M,25,12,FL
3103,M,25,20,MO
3104,M,18,17,MA
3105,M,35,12,WA
3106,M,25,0,FL
3107,M,25,17,CA
3108,M,50,6,VA
3109,F,25,11,OH
3110,M,25,0,NY
3111,M,18,4,MN
3112,M,18,12,WA
3113,M,25,10,MN
3114,M,18,5,MO
3115,M,35,17,MI
3116,M,25,12,WA
3117,M,35,0,ID
3118,M,25,0,TX
3119,M,45,1,TN
3120,M,18,4,MN
3121,M,25,2,FL
3122,F,25,7,VA
3123,M,25,2,CA
3124,M,25,12,GA
3125,M,25,7,NY
3126,M,25,2,FL
3127,F,25,0,NY
3128,M,18,2,NY
3129,M,25,7,MD
3130,M,25,7,FL
3131,F,25,2,CA
3132,M,35,7,WA
3133,M,18,4,FL
3134,M,18,4,MN
3135,M,25,15,NY
3136,F,25,4,AR
3137,M,25,11,NY
3138,M,35,17,IN
3139,M,56,13,NV
3140,F,25,4,TX
3141,M,25,14,CO
3142,M,25,20,AZ
3143,F,50,16,CA
3144,F,25,7,AZ
3145,M,18,4,MA
3146,M,25,0,AA
3147,M,25,14,MI
3148,M,18,20,AR
3149,M,18,4,CA
3150,F,25,3,CA
3151,F,25,0,CA
3152,M,18,4,IL
3153,F,25,4,OK
3154,F,25,4,CA
3155,M,25,7,MN
3156,M,35,7,NJ
3157,M,25,12,CA
3158,M,25,15,PA
3159,F,25,15,PA
3160,M,25,17,TX
3161,M,25,7,MN
3162,M,25,1,NJ
3163,M,18,15,CA
3164,M,18,12,MN
3165,M,35,7,IL
3166,M,18,4,FL
3167,M,25,2,TX
3168,F,35,5,CA
3169,M,50,0,VA
3170,M,25,0,NJ
3171,F,50,3,NY
3172,M,18,12,MN
3173,M,25,12,MN
3174,F,18,14,NY
3175,M,35,16,NY
3176,M,25,17,CA
3177,F,25,6,CA
3178,F,35,5,OH
3179,F,18,20,MA
3180,M,25,14,NJ
3181,M,25,12,NJ
3182,M,25,12,NY
3183,M,50,7,IL
3184,F,25,18,MD
3185,M,18,7,MN
3186,M,50,1,CA
3187,M,35,12,FL
3188,M,56,13,MN
3189,M,25,16,CA
3190,M,1,17,OR
3191,M,25,12,NC
3192,M,18,4,RI
3193,M,25,0,CA
3194,M,25,15,CA
3195,M,18,4,CO
3196,F,18,4,OH
3197,F,18,14,CA
3198,M,25,12,CA
3199,M,18,0,SD
3200,F,25,1,WA
3201,M,45,7,AL
3202,F,18,4,VA
3203,M,35,0,CA
3204,M,45,16,CO
3205,F,35,16,CO
3206,M,18,20,OH
3207,M,35,7,IL
3208,M,25,14,GA
3209,M,25,0,MD
3210,F,45,0,MA
3211,M,50,16,DC
3212,F,25,17,NY
3213,F,25,1,ID
3214,F,56,7,NY
3215,F,50,13,MN
3216,M,35,1,WI
3217,F,35,0,CA
3218,M,56,6,MI
3219,F,18,4,WI
3220,M,35,7,WI
3221,M,25,0,PA
3222,M,35,7,NY
3223,M,25,20,NY
3224,F,25,14,CA
3225,M,18,0,PA
3226,M,35,4,NY
3227,F,25,14,IL
3228,M,25,14,VT
3229,F,56,1,CA
3230,M,35,16,CA
3231,M,25,7,MN
3232,M,35,12,CA
3233,M,50,2,IL
3234,F,1,0,CA
3235,M,18,4,NM
3236,M,18,15,NM
3237,M,35,7,VT
3238,M,35,7,NY
3239,F,25,12,NJ
3240,M,18,4,MN
3241,F,50,0,DC
3242,M,50,13,CA
3243,M,25,12,WA
3244,F,18,4,CA
3245,M,18,2,NJ
3246,F,35,1,AZ
3247,M,35,15,CA
3248,F,25,7,CA
3249,F,25,4,CA
3250,M,25,4,CA
3251,M,35,17,PA
3252,M,50,0,TX
3253,F,35,4,WV
3254,F,35,6,CA
3255,F,25,15,CA
3256,M,25,15,CA
3257,M,25,14,CA
3258,M,45,6,MA
3259,F,18,4,CA
3260,M,25,4,OH
3261,M,45,20,NM
3262,M,25,14,MN
3263,M,50,11,KS
3264,F,25,1,CA
3265,M,25,15,WI
3266,F,25,4,CA
3267,M,25,4,TX
3268,M,25,12,ME
3269,F,18,20,OH
3270,M,18,11,OH
3271,F,35,0,CA
3272,M,35,0,NJ
3273,M,35,7,NY
3274,M,25,20,MA
3275,M,35,7,NY
3276,M,25,20,MN
3277,M,25,17,CA
3278,M,35,7,NY
3279,M,45,15,CA
3280,M,25,7,FL
3281,M,25,17,TX
3282,M,45,3,DC
3283,M,35,16,KS
3284,M,25,6,MI
3285,M,25,4,OH
3286,F,35,7,CO
3287,M,56,13,NC
3288,M,25,14,CA
3289,M,45,6,CA
3290,M,25,14,CA
3291,F,25,7,NC
3292,F,50,6,TX
3293,M,45,14,TN
3294,M,18,4,TX
3295,M,18,18,CA
3296,M,18,14,CA
3297,M,18,4,CA
3298,M,1,10,MD
3299,F,25,4,PA
3300,M,35,5,PA
3301,F,25,2,AZ
3302,M,25,17,OK
3303,M,56,17,CT
3304,F,45,5,CA
3305,M,56,20,CA
3306,M,45,14,IL
3307,M,50,6,CA
3308,F,18,20,PA
3309,M,25,17,MD
3310,M,45,14,NY
3311,M,25,4,CA
3312,F,18,4,CA
3313,M,35,20,CA
3314,M,25,7,CT
3315,M,25,12,TX
3316,M,1,19,CA
3317,M,25,4,TX
3318,M,56,13,GA
3319,F,56,13,CA
3320,M,25,1,MN
3321,M,35,1,CA
3322,F,18,4,NE
3323,M,35,14,NY
3324,M,35,17,MI
3325,F,35,14,MS
3326,M,45,7,MO
3327,M,18,12,CA
3328,M,56,19,CA
3329,M,50,18,AR
3330,F,35,1,IN
3331,F,25,7,CT
3332,M,25,7,CT
3333,M,18,16,SC
3334,M,35,0,AA
3335,M,25,0,NY
3336,M,35,17,CA
3337,M,25,4,OR
3338,M,45,16,NJ
3339,M,25,17,OH
3340,M,45,16,MI
3341,M,25,20,CA
3342,F,25,5,CA
3343,F,18,4,TX
3344,M,35,0,NJ
3345,M,25,7,PA
3346,M,35,7,WI
3347,F,35,7,CA
3348,M,45,16,CA
3349,F,18,4,CA
3350,F,18,0,MD
3351,F,18,5,CA
3352,M,35,0,GA
3353,M,35,17,CA
3354,M,25,7,PA
3355,M,25,1,KY
3356,M,35,7,CA
3357,M,25,18,MO
3358,F,25,1,CA
3359,M,25,20,VA
3360,F,25,0,CA
3361,M,25,4,CA
3362,F,25,0,CA
3363,F,35,9,ME
3364,M,56,13,PA
3365,M,50,17,VA
3366,M,35,14,NJ
3367,M,50,16,NY
3368,M,25,14,MN
3369,M,45,18,NY
3370,M,18,4,CA
3371,M,25,2,MN
3372,M,56,13,MN
3373,M,18,16,CA
3374,M,35,5,MO
3375,M,25,4,NV
3376,M,35,16,NY
3377,M,25,17,NH
3378,M,18,4,MI
3379,M,35,1,DC
3380,M,50,0,MD
3381,M,25,0,AA
3382,F,1,10,MN
3383,M,56,16,NH
3384,M,35,7,CA
3385,F,25,9,FL
3386,M,18,4,MN
3387,M,18,1,CA
3388,F,25,1,CA
3389,M,18,0,NY
3390,F,45,20,MA
3391,M,18,4,MI
3392,M,50,6,NJ
3393,M,35,12,IL
3394,M,35,7,CA
3395,M,25,7,MA
3396,M,25,12,PA
3397,M,25,5,MN
3398,M,18,20,GA
3399,M,25,4,NY
3400,M,25,14,NJ
3401,M,35,7,TX
3402,M,35,20,GA
3403,M,35,5,MI
3404,M,25,8,CA
3405,M,35,14,CA
3406,F,25,7,AZ
3407,F,45,5,IL
3408,M,25,17,NY
3409,M,25,4,MI
3410,M,35,1,MD
3411,M,18,4,MA
3412,M,25,18,AZ
3413,F,25,17,CA
3414,M,25,17,TX
3415,M,35,7,CO
3416,M,25,12,MD
3417,F,18,2,NY
3418,F,18,3,VA
3419,M,45,1,PA
3420,F,25,7,MI
3421,M,45,7,CA
3422,M,25,5,OH
3423,M,25,7,UT
3424,M,25,6,CA
3425,M,18,20,MI
3426,M,25,20,CA
3427,M,25,14,TX
3428,M,45,1,IN
3429,F,25,7,CA
3430,F,45,1,PA
3431,F,45,6,MI
3432,M,25,12,NC
3433,M,18,12,MN
3434,M,18,4,MI
3435,M,45,1,MI
3436,M,35,0,WA
3437,F,25,0,TN
3438,F,25,0,TX
3439,M,18,17,TX
3440,M,56,17,FL
3441,F,25,14,CA
3442,M,18,12,MD
3443,F,35,17,MI
3444,M,50,14,FL
3445,F,35,20,CA
3446,M,25,7,GA
3447,M,25,12,CA
3448,F,18,3,IL
3449,M,25,14,MA
3450,M,25,5,TX
3451,F,25,11,CA
3452,M,25,14,NJ
3453,M,35,7,NJ
3454,M,18,0,CA
3455,F,25,0,NJ
3456,M,25,17,WI
3457,M,25,20,PA
3458,M,45,0,MA
3459,M,18,4,TX
3460,M,1,4,NY
3461,M,35,0,CA
3462,F,25,4,OK
3463,M,25,15,CO
3464,F,25,14,TX
3465,M,25,14,OH
3466,M,25,14,CA
3467,M,25,14,MN
3468,M,25,20,CA
3469,M,45,17,MA
3470,M,35,17,MI
3471,M,18,4,CO
3472,M,25,6,FL
3473,F,35,16,MA
3474,M,35,11,NY
3475,M,25,14,FL
3476,M,50,0,OH
3477,F,50,1,NY
3478,M,25,7,NY
3479,M,18,4,TX
3480,M,25,0,MT
3481,M,18,4,CA
3482,M,50,17,NJ
3483,F,45,7,GA
3484,M,18,4,NC
3485,M,25,0,CA
3486,F,18,0,WA
3487,M,18,4,IL
3488,M,45,17,CO
3489,M,18,4,IL
3490,M,25,0,OK
3491,M,25,16,NC
3492,M,35,7,TX
3493,M,25,17,IL
3494,M,25,1,NC
3495,M,18,4,CA
3496,M,35,5,CA
3497,F,35,2,CA
3498,M,25,17,NC
3499,M,25,3,TX
3500,M,35,7,MD
3501,F,35,7,GA
3502,F,18,7,CO
3503,M,18,4,MT
3504,M,18,7,MA
3505,F,25,15,MN
3506,M,18,12,CO
3507,M,25,0,MA
3508,M,18,4,MA
3509,M,18,4,MA
3510,F,18,4,MA
3511,M,50,0,NM
3512,M,18,17,MA
3513,M,25,16,MA
3514,M,18,12,GA
3515,M,35,3,MN
3516,M,18,4,KY
3517,M,18,12,WI
3518,F,18,7,NY
3519,F,25,14,NY
3520,M,25,0,KY
3521,M,25,0,WI
3522,M,18,0,OR
3523,M,35,7,WI
3524,F,25,0,ID
3525,F,18,4,MA
3526,M,35,2,IL
3527,M,25,0,WI
3528,M,35,5,KY
3529,F,45,1,OR
3530,M,25,0,TX
3531,F,25,11,MN
3532,F,35,14,NY
3533,M,25,2,MN
3534,M,35,17,NE
3535,M,45,18,TX
3536,M,18,4,SD
3537,M,1,10,OR
3538,M,35,0,KY
3539,F,25,4,TX
3540,M,18,17,SD
3541,M,25,3,MA
3542,M,25,15,NY
3543,M,25,17,IL
3544,F,25,4,CA
3545,M,35,12,CA
3546,M,25,20,KY
3547,M,35,16,CA
3548,M,45,7,CA
3549,F,35,7,IL
3550,M,25,5,MN
3551,F,56,0,WA
3552,F,35,2,RI
3553,M,35,16,IL
3554,M,25,15,PA
3555,M,56,7,MN
3556,M,25,17,NH
3557,M,18,5,MI
3558,M,18,17,KS
3559,M,18,4,NY
3560,F,25,6,OK
3561,M,35,14,MO
3562,F,25,6,FL
3563,M,25,2,FL
3564,M,25,11,MA
3565,M,25,18,WI
3566,M,45,0,WI
3567,M,25,14,WI
3568,M,25,0,WA
3569,F,18,2,MI
3570,M,35,12,PA
3571,M,18,4,NY
3572,M,35,11,ME
3573,M,1,10,MI
3574,F,35,6,FL
3575,M,25,18,WI
3576,M,50,7,NE
3577,F,56,0,AA
3578,M,50,3,HI
3579,M,18,0,FL
3580,F,18,3,FL
3581,M,18,1,SD
3582,F,35,0,IA
3583,F,25,9,KY
3584,M,18,0,TX
3585,M,35,20,IL
3586,M,35,20,IL
3587,M,35,3,CA
3588,M,25,2,CA
3589,F,45,0,CO
3590,F,18,15,MA
3591,M,35,6,CA
3592,F,56,2,AK
3593,F,25,9,WI
3594,M,1,0,MA
3595,M,25,0,AZ
3596,F,35,4,PA
3597,M,25,17,MN
3598,M,56,1,CA
3599,M,25,16,OR
3600,M,35,20,CA
3601,F,35,3,CA
3602,M,25,12,MN
3603,F,35,7,TX
3604,F,1,10,RI
3605,M,18,12,IL
3606,F,25,15,MA
3607,M,35,17,FL
3608,F,35,9,RI
3609,F,25,17,MI
3610,M,18,6,GA
3611,M,25,2,UT
3612,M,25,14,SC
3613,M,25,0,TN
3614,M,25,0,OH
3615,M,25,17,TX
3616,M,45,0,FL
3617,M,35,7,MI
3618,M,56,17,VA
3619,M,50,16,OR
3620,M,25,7,CA
3621,M,18,4,FL
3622,M,18,1,MA
3623,M,35,11,OH
3624,M,25,12,IL
3625,M,18,10,MI
3626,M,25,17,TX
3627,F,35,1,AZ
3628,M,25,7,TX
3629,F,50,7,NY
3630,M,18,4,TX
3631,M,18,4,TX
3632,M,50,11,FL
3633,M,35,18,IL
3634,M,50,1,NM
3635,M,50,1,IL
3636,M,25,0,CT
3637,M,25,6,CA
3638,M,25,2,CA
3639,M,18,4,TX
3640,M,35,7,MA
3641,M,25,0,CA
3642,F,25,7,WA
3643,M,25,17,VA
3644,F,25,11,WI
3645,M,35,17,OR
3646,M,35,20,WA
3647,M,25,7,CO
3648,M,18,4,AZ
3649,F,25,0,CA
3650,M,25,0,IL
3651,M,25,14,WA
3652,M,25,12,CA
3653,M,18,15,AA
3654,M,25,17,CA
3655,F,25,7,CA
3656,F,45,5,FL
3657,M,18,17,CA
3658,F,25,7,NJ
3659,M,18,4,SC
3660,M,35,7,PA
3661,M,35,12,NJ
3662,M,35,16,NJ
3663,F,35,9,PA
3664,F,35,1,CA
3665,M,25,0,CA
3666,M,45,0,NE
3667,F,1,10,NY
3668,F,45,7,FL
3669,M,25,14,IL
3670,M,45,14,MN
3671,M,25,4,WA
3672,M,35,5,NJ
3673,M,25,2,NY
3674,M,25,20,SC
3675,M,35,7,CT
3676,F,35,12,MI
3677,F,25,12,CT
3678,M,25,0,CT
3679,M,25,4,NE
3680,F,25,1,CA
3681,M,25,7,SC
3682,F,50,1,NY
3683,M,25,2,GA
3684,M,25,17,ID
3685,M,25,5,MN
3686,M,25,7,MI
3687,F,50,1,IL
3688,M,18,6,MD
3689,M,25,0,CO
3690,M,18,0,MO
3691,M,25,7,MD
3692,M,35,17,NV
3693,M,25,15,CA
3694,M,25,12,NC
3695,M,25,2,WA
3696,M,35,7,PA
3697,M,25,15,NE
3698,M,25,7,WI
3699,F,56,3,GA
3700,M,25,14,NY
3701,M,35,1,CA
3702,M,35,15,WI
3703,M,18,12,OR
3704,F,35,0,ME
3705,M,45,7,GA
3706,M,25,12,IN
3707,F,18,0,FL
3708,M,56,7,GA
3709,M,25,12,NV
3710,M,1,10,RI
3711,M,35,0,FL
3712,M,25,17,IL
3713,F,25,7,VA
3714,M,25,17,CA
3715,M,18,5,MN
3716,M,18,12,AL
3717,M,35,17,CA
3718,M,50,17,NJ
3719,M,25,1,MS
3720,M,45,7,OH
3721,M,25,15,CA
3722,M,25,18,CO
3723,M,25,14,WI
3724,M,35,6,TX
3725,M,18,4,FL
3726,M,25,17,CA
3727,M,35,7,OK
3728,M,18,4,NJ
3729,M,18,4,DC
3730,M,25,1,MI
3731,M,25,17,KS
3732,M,25,17,IL
3733,M,18,4,MA
3734,M,18,4,TX
3735,M,25,0,NY
3736,M,35,1,OH
3737,M,25,14,TN
3738,M,45,7,MA
3739,M,56,11,MI
3740,M,18,5,MN
3741,M,25,0,HI
3742,M,25,0,CA
3743,F,35,7,NV
3744,M,25,0,IL
3745,F,25,9,MI
3746,M,25,5,WI
3747,M,45,13,NV
3748,M,18,4,MA
3749,F,25,0,IL
3750,F,18,4,CA
3751,F,35,12,MN
3752,F,18,1,AZ
3753,M,25,7,KY
3754,M,56,7,CA
3755,F,50,14,NJ
3756,M,18,12,WI
3757,M,25,7,CA
3758,F,35,5,MA
3759,M,35,6,WI
3760,M,50,0,MN
3761,M,25,17,NC
3762,M,50,6,NY
3763,M,25,2,WA
3764,M,25,1,CT
3765,F,50,3,FL
3766,F,18,1,OH
3767,M,25,0,CA
3768,M,25,4,AZ
3769,M,25,15,MA
3770,F,35,3,IA
3771,M,25,1,NY
3772,M,35,17,CT
3773,M,35,6,IA
3774,M,25,0,IA
3775,M,35,12,NY
3776,F,25,4,IA
3777,M,18,4,VA
3778,M,25,0,IL
3779,F,45,2,WA
3780,M,1,0,IN
3781,F,56,11,WI
3782,F,25,0,CA
3783,M,25,7,OR
3784,F,25,1,WA
3785,F,25,20,CA
3786,F,25,0,CA
3787,F,25,0,CA
3788,F,18,0,CA
3789,F,25,0,CA
3790,F,25,17,CA
3791,M,50,18,IL
3792,M,25,6,NE
3793,M,18,4,MD
3794,F,18,4,WI
3795,F,18,4,CA
3796,M,45,14,MA
3797,M,25,7,MA
3798,M,25,7,MI
3799,M,18,0,PA
3800,M,18,1,OH
3801,M,18,12,AL
3802,M,18,0,CA
3803,F,35,9,PA
3804,M,25,6,CT
3805,F,35,1,NV
3806,M,18,4,MN
3807,F,35,19,FL
3808,M,25,7,IL
3809,M,35,6,MD
3810,M,50,7,DC
3811,M,25,15,WA
3812,M,35,17,TX
3813,M,35,7,CO
3814,M,25,15,WA
3815,M,25,17,WI
3816,F,25,3,CA
3817,M,35,3,VA
3818,M,45,17,FL
3819,M,25,12,AL
3820,M,25,17,CA
3821,M,25,20,OH
3822,M,45,20,WA
3823,M,56,7,CA
3824,M,25,17,FL
3825,M,18,1,CT
3826,M,25,1,MI
3827,M,50,2,NM
3828,M,25,20,CA
3829,F,25,1,VA
3830,M,18,4,IL
3831,F,18,6,UT
3832,F,25,7,OH
3833,M,25,1,NE
3834,M,18,2,MA
3835,M,25,7,KY
3836,F,50,8,UT
3837,M,25,17,NC
3838,F,25,14,NY
3839,M,50,14,MA
3840,F,25,0,MA
3841,M,45,18,WV
3842,F,35,16,CA
3843,F,1,10,FL
3844,M,18,4,OK
3845,M,25,12,CA
3846,M,35,0,FL
3847,M,25,7,NY
3848,M,25,15,LA
3849,M,35,0,NY
3850,M,18,3,CA
3851,M,25,12,IL
3852,M,50,16,IL
3853,M,25,14,CA
3854,M,25,14,GA
3855,M,25,17,MD
3856,F,35,20,CA
3857,M,18,14,NJ
3858,F,45,9,MO
3859,M,25,0,NV
3860,M,45,17,OH
3861,M,18,4,NY
3862,M,25,17,NY
3863,M,25,0,CA
3864,M,50,20,SC
3865,F,1,10,CA
3866,M,45,14,MO
3867,M,35,3,OH
3868,M,18,12,OK
3869,M,18,17,MO
3870,M,25,17,CA
3871,M,18,4,MO
3872,M,25,1,NY
3873,F,45,2,CA
3874,M,25,7,CA
3875,M,25,0,KS
3876,M,25,0,NY
3877,M,45,1,FL
3878,M,35,16,VA
3879,M,25,3,ID
3880,M,25,7,WI
3881,M,18,2,OH
3882,M,56,14,MN
3883,M,50,16,TX
3884,M,18,4,TX
3885,M,25,12,CA
3886,M,35,7,CA
3887,M,18,4,CO
3888,M,45,17,MA
3889,M,45,6,KS
3890,M,18,4,FL
3891,F,56,16,CA
3892,M,25,20,CA
3893,M,25,6,TX
3894,M,35,16,MA
3895,F,35,0,MD
3896,M,35,0,IL
3897,M,56,17,CA
3898,M,45,11,MA
3899,M,25,17,MA
3900,F,25,14,MN
3901,M,18,14,AZ
3902,M,25,5,IN
3903,M,25,0,MA
3904,M,1,10,MI
3905,M,25,17,AL
3906,M,50,17,WI
3907,F,18,14,VA
3908,M,25,0,NY
3909,M,18,17,PA
3910,M,25,20,CA
3911,M,18,0,CA
3912,M,25,4,PA
3913,M,18,17,KY
3914,M,35,4,UT
3915,F,35,3,LA
3916,M,25,4,MA
3917,F,35,9,IL
3918,M,25,18,GA
3919,M,45,0,OK
3920,M,35,17,MO
3921,M,25,14,CA
3922,M,18,4,WI
3923,M,35,2,CA
3924,M,50,12,CA
3925,M,25,12,TX
3926,M,25,2,CA
3927,F,25,16,KS
3928,M,25,0,MN
3929,M,25,5,CO
3930,M,56,3,IA
3931,M,25,5,CA
3932,M,25,7,MI
3933,F,35,6,MI
3934,M,25,0,OH
3935,M,35,18,AR
3936,F,35,12,MA
3937,M,56,2,CA
3938,M,25,2,CA
3939,M,45,7,CA
3940,M,35,20,FL
3941,M,45,17,KY
3942,M,18,4,MI
3943,F,35,7,WA
3944,F,35,16,CO
3945,F,45,1,HI
3946,F,25,12,VA
3947,M,25,0,CA
3948,F,45,12,IL
3949,M,45,0,OH
3950,M,25,4,IL
3951,F,18,4,IL
3952,F,45,1,NY
3953,M,25,12,MN
3954,M,18,4,FL
3955,M,35,0,NY
3956,M,25,0,CA
3957,M,35,11,KY
3958,M,45,7,IN
3959,F,45,1,NH
3960,F,35,14,MN
3961,M,25,1,OH
3962,F,56,0,WA
3963,M,50,20,GA
3964,M,56,16,KS
3965,M,18,11,MO
3966,M,25,0,GA
3967,F,18,2,NY
3968,M,25,2,RI
3969,M,56,7,NY
3970,F,25,2,RI
3971,F,18,4,CO
3972,F,25,6,VA
3973,M,25,7,IL
3974,M,35,0,GA
3975,F,25,5,OH
3976,F,25,0,OH
3977,M,35,14,VA
3978,M,35,13,TX
3979,F,50,9,MT
3980,M,25,4,KS
3981,F,45,0,OR
3982,M,56,13,CA
3983,M,25,0,GA
3984,M,25,7,TX
3985,M,45,16,MA
3986,M,25,7,FL
3987,F,18,4,MA
3988,F,25,14,IL
3989,M,50,12,GA
3990,M,25,16,PA
3991,M,25,7,FL
3992,M,25,4,FL
3993,M,25,0,VA
3994,M,50,7,OH
3995,M,35,17,VA
3996,M,18,14,FL
3997,M,35,17,OH
3998,M,45,0,OK
3999,M,35,17,GA
4000,M,35,7,NJ
4001,F,25,1,MA
4002,M,45,16,MD
4003,M,56,13,IN
4004,M,50,0,MD
4005,M,35,7,NY
4006,M,1,7,MI
4007,M,35,12,NM
4008,M,18,1,CA
4009,M,18,7,OH
4010,M,25,14,CA
4011,M,25,17,AZ
4012,M,18,4,MI
4013,M,25,1,TX
4014,M,25,0,MI
4015,F,45,3,TX
4016,M,50,0,FL
4017,M,25,14,PA
4018,F,45,20,TX
4019,M,35,17,WI
4020,M,25,6,TX
4021,M,50,20,CA
4022,M,35,14,WI
4023,F,35,9,FL
4024,M,25,5,OH
4025,F,56,6,TX
4026,M,25,7,NE
4027,F,25,7,NY
4028,M,25,4,MA
4029,F,56,3,MD
4030,M,35,7,NV
4031,M,25,0,KY
4032,M,25,12,MN
4033,M,25,6,OH
4034,M,25,0,MD
4035,M,18,4,OH
4036,M,25,1,IN
4037,M,50,16,CO
4038,M,50,6,NY
4039,M,25,16,OR
4040,M,25,20,TX
4041,M,18,3,MI
4042,M,35,15,CA
4043,F,25,15,CA
4044,F,35,3,CA
4045,M,56,13,KY
4046,M,45,17,WI
4047,M,18,4,GA
4048,F,35,1,NV
4049,M,45,11,FL
4050,M,35,6,IL
4051,M,18,14,MA
4052,M,25,2,OH
4053,M,25,18,AL
4054,M,35,3,NE
4055,M,50,0,WA
4056,M,1,10,NC
4057,M,35,6,PA
4058,M,25,6,OK
4059,M,25,14,CO
4060,M,25,18,MN
4061,M,50,6,FL
4062,M,25,7,IL
4063,F,35,1,SC
4064,M,45,0,MD
4065,F,45,5,MI
4066,M,25,0,PA
4067,M,45,20,CA
4068,M,56,3,NV
4069,M,35,15,PA
4070,M,25,15,CA
4071,M,25,17,FL
4072,M,50,6,CA
4073,M,25,6,LA
4074,M,35,6,TX
4075,M,25,16,IN
4076,M,25,17,MN
4077,F,35,2,VA
4078,M,25,15,NC
4079,M,35,17,WV
4080,M,35,1,MI
4081,M,18,12,PA
4082,M,25,20,TX
4083,M,56,14,CA
4084,M,56,13,NY
4085,F,25,6,TX
4086,F,1,10,MN
4087,M,1,4,MO
4088,M,25,3,TX
4089,M,25,7,TX
4090,M,56,6,TX
4091,M,25,17,MN
4092,F,25,0,PA
4093,M,25,4,LA
4094,M,25,17,MI
4095,M,25,0,NY
4096,M,25,15,IL
4097,M,25,7,MO
4098,M,35,7,WI
4099,M,35,17,CA
4100,M,56,6,TX
4101,M,18,4,VA
4102,M,1,10,MI
4103,M,18,16,NY
4104,M,18,16,KY
4105,M,50,7,FL
4106,M,25,16,CA
4107,F,25,0,VA
4108,M,35,17,TX
4109,M,35,3,OR
4110,F,45,7,KY
4111,M,25,15,FL
4112,M,45,18,IN
4113,M,35,17,ND
4114,M,35,14,MI
4115,M,25,15,WA
4116,M,35,7,NJ
4117,M,18,4,OH
4118,M,25,3,CA
4119,M,50,1,MS
4120,M,25,16,LA
4121,M,45,7,NJ
4122,M,18,19,WY
4123,F,25,4,IN
4124,M,25,18,IL
4125,M,35,2,NY
4126,M,25,17,WI
4127,M,50,17,PA
4128,M,35,6,IL
4129,M,56,11,NY
4130,M,35,6,MI
4131,M,45,7,OR
4132,M,25,17,CO
4133,M,45,4,TX
4134,F,45,12,AZ
4135,M,1,10,IN
4136,M,50,16,IL
4137,M,25,7,CA
4138,M,25,7,CA
4139,M,56,14,KY
4140,M,25,0,FL
4141,M,35,17,CA
4142,M,56,7,MA
4143,F,25,5,IL
4144,M,18,4,MA
4145,F,50,1,TX
4146,M,35,17,OH
4147,F,50,7,RI
4148,F,35,7,MN
4149,M,35,1,FL
4150,M,25,0,SC
4151,M,45,20,OH
4152,M,25,14,OK
4153,M,50,17,PA
4154,M,25,1,SC
4155,M,50,17,AZ
4156,M,56,20,CA
4157,M,50,18,OR
4158,F,1,10,CA
4159,F,50,9,MA
4160,M,35,20,NY
4161,M,45,0,CA
4162,F,25,14,VA
4163,M,56,7,NJ
4164,M,35,1,IA
4165,F,25,14,CA
4166,F,25,7,TX
4167,M,25,20,VA
4168,F,45,6,TN
4169,M,50,0,KS
4170,M,45,7,WI
4171,M,56,16,TX
4172,M,35,7,DE
4173,F,18,11,SC
4174,F,35,3,VA
4175,M,35,0,KS
4176,M,45,7,PA
4177,M,35,17,CA
4178,F,50,16,NJ
4179,F,35,20,CA
4180,M,56,13,NY
4181,F,25,7,FL
4182,M,25,18,CO
4183,M,25,1,CA
4184,M,50,7,FL
4185,M,25,14,CA
4186,M,25,7,FL
4187,F,56,20,MO
4188,M,50,7,OK
4189,M,35,14,CA
4190,M,45,17,NV
4191,F,45,15,MN
4192,M,35,17,TX
4193,M,56,13,CA
4194,M,18,4,IL
4195,F,56,13,CA
4196,M,35,14,NY
4197,F,45,1,PA
4198,M,18,4,CO
4199,F,25,9,FL
4200,M,45,7,NY
4201,F,25,0,MO
4202,M,25,7,MD
4203,M,25,18,ND
4204,M,35,7,CT
4205,F,25,15,NM
4206,F,35,1,VA
4207,M,35,1,CA
4208,F,35,0,CA
4209,M,56,0,TN
4210,M,25,17,AZ
4211,M,45,5,TX
4212,M,56,18,MN
4213,M,35,7,MO
4214,F,25,0,VA
4215,M,25,7,TX
4216,M,25,17,MA
4217,M,18,4,PA
4218,M,50,17,VA
4219,M,35,17,CA
4220,M,35,0,OR
4221,M,35,4,WI
4222,F,45,17,MN
4223,F,35,17,IL
4224,F,45,1,MI
4225,F,25,3,MI
4226,F,35,6,TX
4227,M,25,19,NY
4228,M,50,18,MD
4229,M,35,17,CA
4230,M,56,13,FL
4231,F,50,18,MD
4232,F,35,20,TX
4233,M,35,4,TN
4234,F,45,3,MI
4235,M,50,2,CA
4236,F,25,3,NJ
4237,M,25,14,TX
4238,M,35,16,OH
4239,M,50,7,IA
4240,M,35,17,MN
4241,M,35,7,NY
4242,M,50,7,TX
4243,M,56,7,FL
4244,M,35,17,MI
4245,M,50,12,OH
4246,F,35,7,MI
4247,M,25,4,WY
4248,M,25,4,WV
4249,F,18,17,MO
4250,F,50,0,FL
4251,M,45,7,IL
4252,F,35,3,NC
4253,M,45,11,NH
4254,M,25,17,MS
4255,M,50,12,NY
4256,F,1,2,TX
4257,M,50,16,TN
4258,M,25,17,DE
4259,M,35,17,OH
4260,M,25,16,MT
4261,F,35,6,NJ
4262,F,35,6,CT
4263,M,25,7,KY
4264,M,45,1,IL
4265,M,25,12,NH
4266,M,56,13,TX
4267,M,35,7,MA
4268,F,45,20,ME
4269,M,35,18,NC
4270,M,45,7,NY
4271,M,35,7,ID
4272,M,45,17,TN
4273,M,45,13,GA
4274,F,45,1,ME
4275,F,45,16,NY
4276,F,45,0,HI
4277,M,35,16,WA
4278,F,45,7,AA
4279,M,25,16,OH
4280,M,35,17,NC
4281,M,56,13,CA
4282,M,35,0,PA
4283,F,25,9,WA
4284,M,50,7,KY
4285,M,35,0,IL
4286,M,35,17,NY
4287,M,25,7,AL
4288,F,25,9,IN
4289,M,35,14,FL
4290,M,25,17,WA
4291,M,35,14,WA
4292,M,25,0,WA
4293,F,45,9,MN
4294,M,1,10,TX
4295,M,18,18,CA
4296,M,56,6,FL
4297,M,45,15,MN
4298,F,18,14,AZ
4299,F,25,2,OH
4300,F,18,4,WA
4301,M,35,11,TN
4302,M,50,1,OH
4303,M,25,2,CA
4304,M,18,0,IN
4305,F,45,17,NC
4306,M,45,7,KS
4307,M,25,0,CA
4308,M,25,0,FL
4309,M,25,0,AL
4310,M,25,4,SD
4311,M,50,13,NE
4312,M,25,18,TX
4313,F,25,7,NJ
4314,M,25,17,TX
4315,M,18,4,OH
4316,M,25,6,TX
4317,F,35,14,IL
4318,M,25,5,RI
4319,M,35,7,OH
4320,M,25,5,NV
4321,M,45,7,CO
4322,F,50,6,TX
4323,M,18,4,WY
4324,M,25,5,IL
4325,M,25,0,GA
4326,F,45,13,CA
4327,M,35,17,TN
4328,M,50,3,TX
4329,F,25,14,TX
4330,F,45,6,AZ
4331,M,35,6,OH
4332,F,25,3,IL
4333,M,50,2,FL
4334,M,25,1,LA
4335,M,35,0,OK
4336,F,25,0,KY
4337,M,18,20,TX
4338,F,18,5,IN
4339,M,25,2,TX
4340,F,25,17,TX
4341,M,35,17,FL
4342,M,25,0,KS
4343,M,25,12,TX
4344,M,25,1,OH
4345,F,25,14,OH
4346,M,18,17,OH
4347,F,18,20,TX
4348,M,45,0,GA
4349,M,18,2,CA
4350,M,18,2,SC
4351,M,25,12,TN
4352,M,18,4,NY
4353,M,25,7,NY
4354,M,35,14,TX
4355,M,50,14,NJ
4356,M,35,16,AZ
4357,F,35,9,ID
4358,M,35,17,ME
4359,M,18,4,FL
4360,F,25,9,WA
4361,M,35,15,ID
4362,M,25,17,AZ
4363,M,35,14,CA
4364,M,25,18,WA
4365,F,50,16,IN
4366,M,18,15,MA
4367,M,35,0,IA
4368,M,18,17,VA
4369,M,50,7,GA
4370,M,25,16,NJ
4371,F,18,4,MO
4372,M,35,17,TX
4373,M,50,12,FL
4374,M,18,4,OH
4375,F,25,5,KY
4376,F,25,5,NC
4377,M,25,0,FL
4378,M,18,17,CT
4379,M,25,4,NC
4380,F,25,1,TN
4381,M,25,4,MO
4382,M,25,18,NY
4383,F,18,4,CA
4384,M,25,0,OH
4385,M,25,4,CA
4386,M,25,5,OK
4387,F,18,4,MO
4388,M,45,3,TX
4389,M,25,4,MI
4390,M,25,0,NY
4391,F,18,4,OH
4392,M,18,4,OH
4393,M,18,4,OH
4394,M,25,4,OH
4395,M,50,6,OH
4396,M,18,1,OH
4397,M,18,4,OH
4398,F,18,4,OH
4399,F,18,4,OH
4400,F,18,4,OH
4401,M,18,4,NY
4402,F,18,14,OH
4403,M,25,15,CA
4404,M,25,1,SD
4405,M,25,14,WA
4406,M,25,16,CO
4407,M,18,4,MA
4408,F,45,2,PA
4409,M,25,14,MO
4410,M,18,19,KY
4411,M,18,4,CA
4412,M,18,4,PA
4413,M,1,13,TN
4414,M,25,4,KY
4415,M,18,0,MA
4416,M,18,4,MA
4417,M,25,15,MA
4418,F,50,0,MA
4419,F,45,12,PA
4420,M,25,15,CA
4421,M,45,0,CA
4422,M,25,5,NY
4423,M,18,4,IA
4424,M,25,7,CA
4425,M,35,7,WA
4426,M,45,17,CA
4427,M,18,0,IA
4428,M,25,14,IN
4429,M,25,5,AZ
4430,F,25,0,CA
4431,M,1,14,CO
4432,M,25,12,MD
4433,M,25,0,OH
4434,F,35,7,IL
4435,M,25,7,TX
4436,M,25,12,PA
4437,F,35,5,IN
4438,M,50,0,NY
4439,M,35,6,TN
4440,M,35,1,CO
4441,M,18,4,WA
4442,M,50,15,CA
4443,M,56,2,CA
4444,F,25,12,CO
4445,M,25,3,DE
4446,M,18,18,IL
4447,M,45,5,FL
4448,M,25,14,CT
4449,M,25,12,NC
4450,M,25,15,IL
4451,M,25,14,GA
4452,F,25,7,TX
4453,M,35,0,CA
4454,M,25,20,NY
4455,M,35,7,NC
4456,F,35,2,MI
4457,M,35,14,CA
4458,F,25,4,PA
4459,M,25,1,NC
4460,M,25,14,LA
4461,M,25,20,CO
4462,F,25,0,IL
4463,M,50,7,NJ
4464,F,50,1,IL
4465,M,18,4,MA
4466,M,35,11,NY
4467,F,50,6,PA
4468,F,35,7,TX
4469,F,45,12,CA
4470,M,35,12,PA
4471,M,25,6,CA
4472,F,45,16,NY
4473,M,35,1,CA
4474,M,35,7,NC
4475,M,18,4,NY
4476,M,45,1,IA
4477,M,25,7,WA
4478,M,1,12,MA
4479,M,50,13,FL
4480,M,25,0,CA
4481,M,25,18,WV
4482,F,35,1,CA
4483,F,25,6,AR
4484,F,25,17,CA
4485,M,25,4,MO
4486,M,35,8,WA
4487,M,25,7,MA
4488,M,35,7,AR
4489,M,18,4,TX
4490,M,35,5,LA
4491,M,18,4,IA
4492,M,56,13,OH
4493,F,1,10,NY
4494,M,45,0,FL
4495,M,18,4,VA
4496,M,45,2,CT
4497,M,50,0,SC
4498,M,50,7,TX
4499,M,25,6,IL
4500,M,50,7,TX
4501,M,25,17,CA
4502,M,50,0,MA
4503,M,56,1,AZ
4504,F,25,0,MO
4505,M,50,7,MS
4506,M,50,16,SC
4507,M,18,4,IL
4508,M,25,20,PA
4509,M,25,7,TN
4510,M,45,7,CA
4511,M,35,7,IL
4512,M,25,1,PA
4513,M,56,0,IL
4514,M,18,3,MI
4515,M,56,13,SC
4516,M,18,4,WI
4517,F,18,1,MI
4518,M,25,0,CO
4519,M,50,7,TN
4520,M,25,4,OH
4521,M,35,12,PA
4522,M,45,1,CO
4523,M,18,2,MN
4524,M,25,2,MN
4525,M,25,14,NY
4526,M,25,20,NY
4527,M,18,0,TN
4528,M,25,14,NC
4529,M,35,6,UT
4530,F,35,1,CA
4531,M,18,4,AZ
4532,M,25,7,NY
4533,M,25,12,WI
4534,M,18,4,AR
4535,M,18,19,PA
4536,M,18,12,WI
4537,F,45,1,MA
4538,M,25,12,AA
4539,M,35,19,MA
4540,F,25,14,CA
4541,M,1,10,MN
4542,M,35,0,CA
4543,M,25,2,NY
4544,M,56,1,WI
4545,M,25,16,IN
4546,M,25,7,MI
4547,M,18,12,MA
4548,M,18,2,NC
4549,F,1,10,WA
4550,M,18,16,VA
4551,M,18,12,IL
4552,M,25,0,VA
4553,F,35,16,MI
4554,F,25,9,MI
4555,F,18,9,OK
4556,M,45,16,MN
4557,M,25,14,MA
4558,M,35,14,MI
4559,M,25,7,VT
4560,M,25,0,NE
4561,F,25,9,UT
4562,M,35,10,CA
4563,F,25,6,VA
4564,M,35,12,PA
4565,M,35,14,CA
4566,M,35,17,PA
4567,M,18,4,WA
4568,F,25,4,CA
4569,M,25,0,MD
4570,M,45,17,IL
4571,M,35,7,MD
4572,F,1,10,PA
4573,M,50,16,NY
4574,M,25,4,IL
4575,F,1,10,NH
4576,F,25,7,MI
4577,M,35,7,MI
4578,M,25,0,MA
4579,F,18,4,MO
4580,F,56,13,OR
4581,M,25,1,PA
4582,F,25,0,MN
4583,M,50,1,MI
4584,F,45,0,NY
4585,M,35,7,GA
4586,M,25,4,MA
4587,M,35,14,NJ
4588,F,25,4,MI
4589,M,25,17,MA
4590,F,18,20,MN
4591,M,25,15,MA
4592,M,18,4,KS
4593,F,45,1,OH
4594,M,35,16,MN
4595,M,25,18,OR
4596,F,18,4,CA
4597,F,25,4,VA
4598,F,35,3,MI
4599,F,35,0,ME
4600,M,25,0,IN
4601,M,35,14,MN
4602,M,35,7,NY
4603,F,35,2,FL
4604,M,25,15,NY
4605,M,25,15,CA
4606,F,1,10,CA
4607,M,25,0,NC
4608,F,25,0,MA
4609,F,25,4,WI
4610,F,25,4,WI
4611,F,18,4,TX
4612,F,18,4,CA
4613,M,25,12,KY
4614,F,45,1,NY
4615,M,25,17,IL
4616,M,25,20,NY
4617,F,25,6,MN
4618,M,25,14,OR
4619,F,25,1,OR
4620,F,18,17,CA
4621,M,25,4,CA
4622,M,25,12,MN
4623,M,25,16,VA
4624,M,25,12,UT
4625,M,25,7,CA
4626,M,25,14,OR
4627,M,56,1,OH
4628,F,56,6,VA
4629,F,18,4,CA
4630,F,25,4,CA
4631,M,18,4,CA
4632,M,25,0,WA
4633,M,1,0,MI
4634,M,50,20,WA
4635,M,18,4,CA
4636,M,18,2,NY
4637,F,35,9,MI
4638,M,25,4,MN
4639,M,35,11,MD
4640,M,25,4,MN
4641,M,25,7,DC
4642,M,25,0,OH
4643,M,25,0,WA
4644,M,50,1,PA
4645,F,50,6,MI
4646,F,25,6,CA
4647,M,35,20,CO
4648,M,18,4,OK
4649,M,56,13,NY
4650,M,25,7,GA
4651,F,45,0,NY
4652,F,25,7,CA
4653,M,35,12,CA
4654,M,35,20,CA
4655,F,25,1,CA
4656,M,25,17,CA
4657,M,45,14,MN
4658,M,25,4,WA
4659,F,25,14,TN
4660,F,18,4,CT
4661,M,45,15,AZ
4662,F,18,4,UT
4663,M,25,4,CA
4664,F,45,7,TX
4665,M,35,2,NH
4666,M,35,1,WI
4667,M,25,14,CA
4668,M,35,14,OK
4669,M,35,7,PA
4670,M,35,5,CA
4671,M,25,12,CA
4672,M,56,13,CA
4673,M,35,16,CA
4674,F,35,7,NJ
4675,F,18,4,NC
4676,M,45,14,IN
4677,M,50,6,VT
4678,M,35,2,CA
4679,M,56,13,TX
4680,M,35,0,ME
4681,F,35,15,CT
4682,M,25,7,VT
4683,M,25,0,VA
4684,F,25,0,ME
4685,M,35,1,MN
4686,M,18,1,IA
4687,M,35,14,MA
4688,M,25,9,OH
4689,M,18,12,MA
4690,F,1,10,TX
4691,F,45,17,MN
4692,F,25,7,TX
4693,M,18,1,IL
4694,M,56,7,KY
4695,M,18,18,MN
4696,M,18,12,NY
4697,M,18,10,TX
4698,F,25,6,MN
4699,F,18,0,CA
4700,F,18,4,MI
4701,M,45,17,PA
4702,M,25,11,NY
4703,M,25,7,MA
4704,M,18,20,MA
4705,F,18,0,TX
4706,M,25,14,NE
4707,M,1,0,CA
4708,M,25,0,IL
4709,M,45,0,CT
4710,F,35,16,VA
4711,M,25,17,FL
4712,M,35,17,NH
4713,M,25,17,CA
4714,M,50,1,MN
4715,M,25,2,OR
4716,F,25,16,MA
4717,M,45,17,MI
4718,M,35,7,NH
4719,F,35,9,RI
4720,M,25,2,CA
4721,M,35,11,CA
4722,M,35,12,MN
4723,M,35,7,CA
4724,F,56,6,MA
4725,M,35,5,HI
4726,F,35,16,CA
4727,F,56,0,WA
4728,M,25,19,AA
4729,M,50,16,MN
4730,M,50,11,ME
4731,M,25,17,WA
4732,M,25,14,VA
4733,M,18,18,IA
4734,M,50,1,CA
4735,M,45,3,IA
4736,M,18,20,CA
4737,M,35,16,PA
4738,M,56,1,VA
4739,M,25,3,FL
4740,F,25,3,TN
4741,M,35,7,PA
4742,M,25,3,CA
4743,M,56,13,MO
4744,M,50,15,NY
4745,F,18,4,CT
4746,M,50,1,PA
4747,M,18,4,WV
4748,M,45,16,IL
4749,M,45,0,VA
4750,F,25,0,CA
4751,M,50,15,MA
4752,F,18,4,CA
4753,M,56,1,NH
4754,F,18,0,CA
4755,F,56,7,CA
4756,M,56,16,MN
4757,M,35,17,VA
4758,F,56,13,NH
4759,F,50,0,ME
4760,M,35,17,CT
4761,M,18,15,MD
4762,F,25,14,CA
4763,M,56,11,ME
4764,M,1,10,NH
4765,F,35,16,NH
4766,M,35,16,NY
4767,F,35,9,NH
4768,M,25,4,VA
4769,M,25,1,MA
4770,F,35,7,NY
4771,F,25,4,ME
4772,M,56,17,NH
4773,M,45,1,VA
4774,M,45,14,NJ
4775,M,25,17,VA
4776,F,25,3,IN
4777,M,25,2,IN
4778,M,25,0,IN
4779,M,45,3,ME
4780,M,25,12,CA
4781,F,50,6,ME
4782,M,45,1,TX
4783,M,25,0,IL
4784,F,35,6,MI
4785,F,25,14,MN
4786,M,45,6,VA
4787,M,1,11,CA
4788,M,35,7,AZ
4789,M,35,2,MN
4790,F,25,2,CA
4791,M,18,4,MN
4792,F,50,7,CA
4793,F,25,6,MI
4794,F,35,0,IN
4795,M,45,16,NY
4796,M,35,7,WA
4797,F,35,17,UT
4798,M,25,1,PA
4799,F,18,4,RI
4800,M,18,4,CO
4801,M,25,4,GA
4802,M,56,1,KY
4803,F,25,16,OH
4804,F,35,1,OH
4805,M,35,1,OH
4806,M,25,17,CA
4807,M,1,2,ME
4808,M,35,0,HI
4809,F,50,4,MD
4810,M,18,12,CO
4811,M,35,1,MA
4812,M,18,14,WV
4813,F,35,9,IN
4814,M,18,14,CO
4815,F,50,18,ME
4816,F,45,6,ME
4817,M,25,1,MD
4818,F,25,17,CA
4819,M,35,18,PA
4820,M,50,11,ME
4821,M,18,19,TX
4822,F,35,0,MA
4823,M,18,4,IN
4824,M,25,7,MN
4825,M,25,17,CA
4826,M,45,12,MN
4827,M,35,0,NY
4828,F,18,20,IL
4829,M,25,0,DC
4830,M,1,10,MN
4831,F,25,1,ME
4832,M,25,14,PA
4833,M,35,16,CO
4834,F,45,9,NH
4835,M,25,20,NY
4836,F,45,16,ME
4837,M,25,5,IN
4838,M,45,1,MI
4839,F,50,6,CA
4840,F,45,6,MO
4841,M,25,12,CA
4842,F,35,1,VA
4843,M,56,1,ME
4844,M,45,7,NH
4845,F,25,1,MN
4846,F,25,2,CA
4847,M,25,12,CA
4848,F,35,6,WI
4849,F,18,4,OH
4850,F,45,3,OH
4851,M,18,17,OH
4852,M,35,0,KY
4853,M,25,7,MN
4854,F,50,13,NH
4855,M,25,12,CA
4856,M,25,7,CA
4857,M,25,14,VA
4858,M,25,1,ME
4859,F,18,14,IA
4860,M,25,2,IL
4861,M,25,4,ME
4862,M,25,0,CA
4863,F,25,9,UT
4864,M,18,20,MO
4865,F,35,14,MA
4866,M,56,12,ME
4867,M,25,16,ME
4868,M,35,17,NH
4869,F,45,6,ME
4870,F,35,3,ME
4871,M,18,12,ME
4872,M,45,1,ME
4873,M,56,11,NY
4874,F,25,4,LA
4875,M,35,0,OR
4876,F,35,17,WA
4877,M,25,4,CA
4878,M,50,4,CA
4879,M,25,3,IL
4880,F,45,9,CA
4881,M,45,16,MN
4882,M,45,11,NH
4883,F,1,10,RI
4884,M,35,14,CA
4885,M,56,1,VA
4886,F,35,17,CA
4887,M,18,2,PA
4888,F,56,0,NJ
4889,M,18,4,MO
4890,F,25,1,TX
4891,M,35,17,CA
4892,M,25,12,MN
4893,M,25,17,MI
4894,M,35,7,NY
4895,F,25,3,IA
4896,M,35,6,UT
4897,M,35,16,PA
4898,M,25,1,NC
4899,M,25,12,CA
4900,M,25,20,FL
4901,M,25,7,NY
4902,M,35,14,UT
4903,M,35,12,CA
4904,M,50,15,MO
4905,F,45,1,IL
4906,M,50,17,MI
4907,F,50,7,MN
4908,M,35,15,AZ
4909,F,35,12,CA
4910,M,18,12,UT
4911,F,25,0,MN
4912,F,50,20,WA
4913,F,25,1,OR
4914,F,25,1,MA
4915,M,25,12,CA
4916,M,18,20,AZ
4917,M,45,0,NC
4918,F,18,12,UT
4919,M,18,0,UT
4920,M,35,1,MA
4921,F,25,15,CA
4922,M,18,17,WA
4923,M,45,18,AK
4924,F,35,0,AK
4925,F,35,6,MN
4926,M,1,10,MN
4927,M,45,0,OR
4928,F,25,3,CA
4929,M,45,1,MO
4930,M,50,17,MO
4931,M,50,17,CA
4932,M,25,7,MO
4933,M,25,15,CA
4934,F,25,0,MN
4935,M,35,17,IL
4936,F,18,4,MO
4937,M,35,0,MA
4938,F,18,4,MN
4939,M,25,7,MO
4940,F,50,11,CA
4941,M,56,20,OH
4942,M,45,12,KY
4943,F,50,0,MN
4944,M,50,17,NY
4945,M,50,0,IL
4946,F,35,1,CA
4947,M,35,17,CA
4948,M,45,2,CA
4949,M,18,4,MN
4950,M,25,16,MN
4951,F,35,17,CA
4952,F,25,14,MI
4953,M,35,12,MN
4954,M,45,0,CA
4955,M,56,13,MN
4956,M,35,15,TX
4957,M,25,2,MI
4958,M,18,7,MN
4959,M,25,17,VA
4960,M,56,1,MN
4961,M,25,7,IN
4962,M,25,6,MN
4963,M,45,17,CA
4964,M,35,0,CA
4965,M,1,10,MO
4966,M,50,14,MN
4967,M,18,4,CA
4968,F,50,20,CA
4969,M,18,19,CA
4970,F,25,12,CA
4971,M,35,7,CA
4972,M,35,0,CA
4973,F,56,2,CA
4974,M,35,20,CA
4975,M,35,0,CA
4976,M,25,11,MO
4977,M,25,4,CA
4978,M,35,14,NE
4979,M,35,2,MN
4980,M,25,1,MN
4981,M,50,1,MN
4982,M,25,12,MO
4983,F,45,16,MN
4984,M,35,0,MN
4985,M,35,0,SC
4986,M,18,12,MN
4987,F,56,8,CA
4988,M,25,17,MN
4989,M,25,0,MN
4990,F,25,4,MN
4991,F,56,14,CA
4992,F,25,2,MN
4993,M,45,17,WI
4994,M,45,17,MN
4995,M,50,20,MN
4996,M,35,7,CA
4997,M,1,10,CA
4998,F,18,4,MI
4999,F,56,13,CA
5000,M,25,4,IN
5001,F,25,2,MO
5002,M,25,17,CA
5003,M,35,12,MI
5004,F,56,1,CA
5005,M,45,16,CA
5006,M,35,3,MI
5007,F,18,4,CA
5008,M,25,20,IL
5009,F,45,16,MO
5010,M,45,15,MO
5011,M,18,4,MO
5012,M,50,15,MI
5013,M,18,4,WV
5014,M,45,0,CA
5015,M,35,6,CA
5016,F,35,1,NV
5017,M,35,12,CA
5018,F,56,12,CA
5019,M,25,7,NY
5020,F,56,13,CA
5021,M,50,6,CA
5022,M,35,7,CA
5023,M,35,20,CA
5024,F,45,1,NY
5025,M,25,20,IL
5026,M,25,17,CA
5027,F,25,14,VT
5028,M,25,12,CA
5029,M,25,4,LA
5030,M,18,1,LA
5031,F,25,4,NV
5032,M,18,17,MA
5033,F,56,13,IL
5034,F,25,15,IL
5035,F,25,17,DE
5036,M,35,7,NY
5037,M,35,12,NY
5038,M,25,20,NY
5039,F,35,4,OR
5040,M,45,12,OH
5041,F,45,6,IL
5042,F,18,2,MN
5043,F,18,6,CA
5044,F,35,6,VA
5045,M,35,0,OH
5046,M,25,16,IL
5047,M,45,6,VA
5048,F,35,7,GA
5049,M,25,12,IL
5050,F,18,4,NY
5051,F,50,7,NY
5052,M,35,16,MA
5053,M,25,4,UT
5054,M,35,2,MD
5055,F,35,16,OR
5056,M,45,1,PA
5057,M,50,7,UT
5058,M,56,17,UT
5059,M,45,16,VA
5060,M,45,17,UT
5061,F,18,19,VT
5062,M,50,16,MO
5063,F,1,10,VA
5064,M,18,4,OH
5065,M,25,14,NC
5066,F,25,1,VA
5067,M,56,13,OR
5068,M,35,7,PA
5069,F,56,0,CA
5070,M,25,2,MN
5071,F,25,7,TX
5072,M,45,17,OR
5073,M,56,2,CA
5074,M,1,0,VA
5075,M,50,6,OR
5076,M,25,3,PA
5077,M,25,2,DC
5078,M,45,7,PA
5079,M,25,4,LA
5080,F,50,12,CA
5081,F,18,4,PA
5082,M,35,1,VA
5083,M,25,4,PA
5084,M,18,4,NY
5085,M,56,17,TX
5086,M,25,1,VA
5087,F,25,6,PA
5088,M,25,17,TN
5089,F,35,16,TX
5090,F,35,19,TX
5091,M,25,17,DE
5092,M,56,14,PA
5093,M,50,7,PA
5094,M,18,10,KS
5095,F,35,1,VA
5096,M,25,11,TX
5097,M,56,16,PA
5098,M,50,7,PA
5099,M,18,0,MA
5100,M,50,6,PA
5101,M,25,0,CA
5102,M,25,12,CA
5103,F,35,16,TX
5104,M,35,20,PA
5105,M,50,7,PA
5106,F,35,1,PA
5107,F,45,0,NJ
5108,F,25,9,CA
5109,F,45,6,DE
5110,M,35,15,TX
5111,M,35,2,TX
5112,M,35,13,NV
5113,M,25,0,MN
5114,F,1,10,VA
5115,M,56,12,MA
5116,M,35,6,CA
5117,F,25,0,LA
5118,M,1,10,CA
5119,F,25,0,NY
5120,M,50,7,CO
5121,M,25,7,CA
5122,M,25,0,DC
5123,M,50,12,FL
5124,M,35,2,MD
5125,M,45,0,NY
5126,M,25,11,MA
5127,M,45,5,WA
5128,M,50,7,CA
5129,M,45,17,KY
5130,F,50,1,FL
5131,F,25,1,TX
5132,M,35,7,TX
5133,M,18,11,NY
5134,M,25,17,CA
5135,M,35,7,MO
5136,M,25,12,CA
5137,M,18,18,MO
5138,M,25,17,AL
5139,M,50,16,NY
5140,M,25,6,AL
5141,M,18,17,MN
5142,M,25,1,CA
5143,M,18,4,OH
5144,F,50,0,KS
5145,M,35,7,TX
5146,M,56,1,ME
5147,M,18,0,MI
5148,M,25,20,WA
5149,M,35,1,NY
5150,M,25,3,WA
5151,M,18,19,GA
5152,F,25,4,OH
5153,M,25,7,IL
5154,M,25,16,DC
5155,M,25,16,FL
5156,M,18,14,NY
5157,M,35,1,OK
5158,F,18,4,OH
5159,M,35,7,TN
5160,F,18,4,CA
5161,M,25,4,GA
5162,M,25,17,CA
5163,M,45,6,WI
5164,F,35,17,CA
5165,M,35,6,CA
5166,M,50,6,KY
5167,M,18,15,CT
5168,M,35,7,MA
5169,F,50,4,WI
5170,M,18,4,MO
5171,M,56,17,CA
5172,F,35,11,VT
5173,M,1,10,IL
5174,M,45,1,OH
5175,F,35,9,FL
5176,M,1,10,IL
5177,M,45,14,GA
5178,M,50,0,OH
5179,M,25,12,CA
5180,M,35,11,AZ
5181,M,25,7,PA
5182,F,35,7,MN
5183,F,18,20,OH
5184,M,18,20,KS
5185,F,35,4,OH
5186,M,35,12,AA
5187,M,18,16,CT
5188,F,35,9,OH
5189,F,45,7,CO
5190,F,35,0,AZ
5191,F,25,4,MN
5192,M,25,7,CO
5193,M,35,12,NY
5194,M,25,7,MN
5195,M,35,7,CO
5196,M,56,7,MD
5197,F,56,3,TX
5198,F,18,4,MN
5199,F,25,1,AL
5200,F,35,15,OH
5201,M,50,7,CA
5202,M,18,4,RI
5203,F,45,6,MA
5204,M,50,13,MN
5205,M,25,1,RI
5206,M,35,7,CA
5207,M,25,0,WA
5208,M,25,4,MN
5209,M,50,1,IN
5210,F,35,17,IL
5211,M,25,1,KY
5212,M,18,2,CA
5213,M,18,0,AA
5214,F,35,9,NJ
5215,F,56,6,CA
5216,M,18,2,CO
5217,M,25,17,MA
5218,M,18,0,NV
5219,M,18,4,CA
5220,M,25,7,CA
5221,F,56,1,HI
5222,M,25,12,CA
5223,M,56,10,NY
5224,M,35,1,NY
5225,M,18,4,MN
5226,M,35,0,WA
5227,M,18,10,MO
5228,M,1,0,TX
5229,M,25,0,IL
5230,M,25,12,CA
5231,M,35,7,CA
5232,M,25,4,NY
5233,M,25,5,OR
5234,F,25,0,IL
5235,M,25,4,NY
5236,M,25,14,IN
5237,M,25,7,MN
5238,F,50,16,NJ
5239,M,35,7,NJ
5240,F,25,0,CA
5241,F,25,4,MA
5242,M,25,1,NY
5243,M,1,10,WI
5244,M,18,4,MA
5245,F,45,1,NC
5246,F,18,0,MO
5247,F,1,10,MA
5248,F,45,14,VA
5249,F,45,14,TX
5250,M,50,6,MA
5251,F,25,17,OR
5252,M,25,20,IL
5253,F,56,13,RI
5254,M,18,4,FL
5255,M,1,10,MN
5256,M,25,16,GA
5257,F,25,2,NY
5258,M,35,4,ND
5259,M,25,6,CA
5260,M,35,7,TX
5261,M,35,12,NY
5262,F,25,14,IN
5263,M,35,7,KY
5264,M,18,4,PA
5265,M,45,1,OR
5266,M,35,1,KY
5267,M,35,7,VA
5268,F,25,2,NE
5269,M,18,0,TN
5270,M,25,12,NM
5271,F,25,0,CA
5272,M,25,7,CA
5273,M,56,20,CA
5274,M,25,0,IL
5275,M,25,17,IL
5276,F,25,4,CA
5277,M,25,20,CA
5278,F,25,7,MN
5279,F,25,14,MN
5280,M,18,4,NY
5281,M,25,2,CA
5282,F,18,4,MO
5283,M,18,2,MO
5284,M,25,16,MN
5285,M,18,4,MN
5286,M,45,16,OR
5287,M,25,8,AZ
5288,M,56,13,CA
5289,M,45,2,CA
5290,F,18,4,IL
5291,M,45,1,OH
5292,M,25,0,OR
5293,M,25,12,CA
5294,M,25,2,IL
5295,M,35,7,MN
5296,F,1,0,NC
5297,M,25,12,PA
5298,M,35,17,MN
5299,M,25,2,OH
5300,M,25,20,CA
5301,M,25,17,PR
5302,F,1,10,MA
5303,F,56,6,OH
5304,F,35,9,MN
5305,F,18,4,CA
5306,F,25,17,CA
5307,M,25,5,AZ
5308,M,56,7,NC
5309,M,25,0,MA
5310,F,56,1,IL
5311,M,50,0,IL
5312,M,25,1,NY
5313,M,56,0,MN
5314,F,25,0,CA
5315,M,25,12,VA
5316,M,18,4,MN
5317,F,25,0,MA
5318,M,18,17,WA
5319,M,18,17,CA
5320,F,18,5,OH
5321,M,25,4,MA
5322,M,35,17,OR
5323,M,25,20,CA
5324,M,25,7,MA
5325,F,50,7,AZ
5326,M,25,2,MN
5327,M,25,7,MN
5328,F,25,4,CA
5329,F,25,5,CA
5330,F,25,0,PA
5331,M,35,14,CT
5332,M,18,4,GA
5333,F,25,7,MA
5334,F,56,13,IN
5335,M,25,14,TX
5336,M,56,7,TX
5337,F,35,3,MA
5338,M,25,17,NC
5339,M,18,17,IL
5340,F,50,3,CA
5341,F,25,3,AZ
5342,F,35,7,VA
5343,F,25,9,IL
5344,F,50,1,WA
5345,F,25,17,CO
5346,F,25,3,OR
5347,M,25,6,WI
5348,M,18,5,MN
5349,F,50,2,OR
5350,M,18,5,MN
5351,F,45,1,AZ
5352,F,35,5,MN
5353,M,25,6,TX
5354,F,45,3,TX
5355,M,56,0,TX
5356,M,45,0,TX
5357,F,18,20,IL
5358,M,35,7,NY
5359,M,18,16,NC
5360,M,18,12,OH
5361,F,50,16,CA
5362,M,35,13,MO
5363,M,56,13,GA
5364,F,25,3,MN
5365,M,18,12,CA
5366,M,18,12,CA
5367,M,18,4,MN
5368,F,25,17,VA
5369,M,25,15,MA
5370,M,25,12,WA
5371,M,25,11,MN
5372,M,25,4,NY
5373,M,18,12,MN
5374,M,35,7,TN
5375,M,25,0,MA
5376,M,25,17,CA
5377,F,18,3,NY
5378,M,35,18,NY
5379,M,25,7,UT
5380,M,18,4,MA
5381,M,25,14,NY
5382,M,18,4,NJ
5383,M,35,1,MN
5384,F,25,3,CA
5385,M,25,12,AZ
5386,M,25,14,IL
5387,F,25,1,OH
5388,F,18,4,NY
5389,M,45,7,MA
5390,M,1,0,TX
5391,M,25,7,NY
5392,M,50,1,WA
5393,M,35,7,NY
5394,M,18,0,IL
5395,M,50,1,NY
5396,M,25,6,NV
5397,M,18,0,IL
5398,M,56,17,LA
5399,M,25,1,NY
5400,F,18,4,GA
5401,F,18,1,DC
5402,F,25,0,GA
5403,M,1,10,MT
5404,M,25,0,GA
5405,F,50,7,NY
5406,F,35,0,MI
5407,F,35,17,GA
5408,M,25,20,NY
5409,M,45,1,IL
5410,F,45,2,MD
5411,F,1,19,NY
5412,M,25,12,OR
5413,M,35,1,MT
5414,M,1,10,NJ
5415,F,25,7,NH
5416,F,25,5,MA
5417,M,18,17,PA
5418,F,25,0,WI
5419,F,18,12,VT
5420,F,1,19,NY
5421,M,35,17,VA
5422,M,50,7,CA
5423,F,50,5,IL
5424,F,35,2,CO
5425,M,18,4,WI
5426,M,25,14,CA
5427,M,35,19,NY
5428,F,25,6,NC
5429,F,25,1,MA
5430,F,45,1,WV
5431,M,56,1,PA
5432,M,56,13,MA
5433,F,35,17,OH
5434,F,25,7,IL
5435,M,45,18,MA
5436,M,18,4,CA
5437,M,25,11,MN
5438,M,25,14,IL
5439,M,56,13,PA
5440,F,45,2,TN
5441,M,50,7,CA
5442,M,25,7,MO
5443,M,25,12,MA
5444,F,18,4,MN
5445,M,25,0,OH
5446,F,50,1,MO
5447,M,45,2,IL
5448,M,45,19,IL
5449,M,18,12,MA
5450,M,18,12,MA
5451,F,25,1,WA
5452,M,35,6,NY
5453,M,18,4,GA
5454,M,35,7,NY
5455,F,18,17,MN
5456,M,35,1,FL
5457,M,18,12,MN
5458,F,18,2,WA
5459,F,1,10,WA
5460,M,18,4,MA
5461,M,50,0,CA
5462,M,25,17,NV
5463,M,35,0,WI
5464,M,35,7,TX
5465,F,25,0,NY
5466,M,25,12,WA
5467,M,35,0,MO
5468,M,25,12,CA
5469,M,35,12,VA
5470,M,56,7,DC
5471,M,18,7,NY
5472,M,35,1,NC
5473,M,25,1,VA
5474,M,25,12,DC
5475,M,25,4,CA
5476,F,35,0,DC
5477,M,35,1,MN
5478,M,35,7,MA
5479,M,35,1,IA
5480,F,25,14,NJ
5481,M,45,12,MN
5482,M,18,7,NY
5483,F,25,6,PA
5484,M,45,17,MD
5485,M,25,4,NJ
5486,M,25,0,PA
5487,M,25,17,CA
5488,M,25,15,CA
5489,M,18,7,CA
5490,M,45,17,CO
5491,M,18,7,NY
5492,M,18,4,MN
5493,M,35,12,HI
5494,F,35,17,CA
5495,F,18,4,CA
5496,M,25,7,CA
5497,M,25,4,IL
5498,F,50,1,IL
5499,F,25,19,IL
5500,F,35,20,NY
5501,M,25,2,FL
5502,M,25,2,KS
5503,F,25,9,MN
5504,M,45,7,AZ
5505,F,25,4,MA
5506,F,18,14,IL
5507,M,45,7,OH
5508,M,25,20,CA
5509,M,25,0,NY
5510,M,18,4,PA
5511,M,45,1,CA
5512,F,25,17,MA
5513,M,35,1,CA
5514,F,1,10,TX
5515,M,18,4,PA
5516,F,50,16,WA
5517,M,56,0,CO
5518,M,50,17,TX
5519,M,35,15,FL
5520,M,45,1,PA
5521,F,25,6,MA
5522,M,25,14,MA
5523,M,35,0,IL
5524,F,1,10,WV
5525,F,1,10,MN
5526,F,35,2,NC
5527,M,25,1,LA
5528,M,50,1,OH
5529,M,18,6,VT
5530,F,18,4,MO
5531,M,50,17,AA
5532,M,25,17,NC
5533,F,50,2,NY
5534,M,45,16,GA
5535,M,25,15,CA
5536,M,25,16,KS
5537,F,56,1,NY
5538,M,45,12,MN
5539,F,25,20,CA
5540,M,35,1,PA
5541,M,56,7,CA
5542,M,45,7,NY
5543,M,25,17,OR
5544,M,25,15,NJ
5545,F,35,16,WA
5546,M,18,14,WV
5547,F,18,4,NY
5548,F,18,4,MA
5549,F,50,9,TX
5550,M,35,15,MI
5551,F,35,20,WA
5552,M,50,7,VA
5553,M,35,3,SC
5554,M,25,1,CA
5555,M,1,10,TN
5556,M,45,6,CA
5557,M,35,14,FL
5558,M,1,10,MA
5559,M,50,1,TX
5560,F,35,17,WA
5561,F,25,3,OK
5562,F,35,1,WI
5563,F,25,7,NY
5564,M,45,20,MA
5565,M,18,17,MA
5566,M,35,7,MD
5567,M,50,3,TX
5568,M,18,4,MI
5569,F,18,1,NJ
5570,M,25,1,NJ
5571,F,25,9,NJ
5572,F,25,4,MO
5573,F,35,1,NY
5574,M,25,0,MD
5575,M,35,7,DE
5576,M,25,4,MN
5577,M,50,1,NY
5578,F,18,1,MA
5579,F,35,7,NJ
5580,M,45,7,MA
5581,M,25,0,NY
5582,M,45,1,IA
5583,M,56,15,TN
5584,F,50,0,NY
5585,M,25,4,NY
5586,M,35,20,CA
5587,M,25,17,VA
5588,F,25,20,IL
5589,F,25,0,ME
5590,F,45,12,CA
5591,M,18,0,NY
5592,M,25,1,WI
5593,M,50,16,CA
5594,F,45,0,MN
5595,M,25,20,CA
5596,M,35,12,VA
5597,F,18,4,CA
5598,M,18,4,NC
5599,M,35,7,CA
5600,F,45,0,NY
5601,M,35,1,WA
5602,M,35,0,OR
5603,M,50,7,MA
5604,M,35,15,MO
5605,F,18,2,CA
5606,F,25,14,MD
5607,M,18,4,NY
5608,M,18,3,TX
5609,F,50,1,GA
5610,F,25,1,WI
5611,F,35,7,ME
5612,F,25,1,MA
5613,F,35,0,WA
5614,M,25,0,NY
5615,M,35,7,NJ
5616,M,45,1,NJ
5617,M,25,14,MI
5618,F,18,4,CA
5619,F,18,4,VA
5620,M,35,14,MN
5621,M,25,7,MA
5622,M,35,15,MA
5623,M,25,11,UT
5624,M,25,7,PA
5625,M,25,1,MA
5626,M,56,16,FL
5627,M,25,0,NJ
5628,M,18,4,CA
5629,M,25,14,MA
5630,M,35,17,CT
5631,M,35,12,MA
5632,F,18,4,TX
5633,M,50,1,WA
5634,M,25,14,MN
5635,F,35,9,CT
5636,M,25,7,WA
5637,M,1,10,NY
5638,M,18,1,FL
5639,F,18,4,IL
5640,M,35,17,TX
5641,F,25,17,MI
5642,M,1,10,OK
5643,F,35,1,UT
5644,F,18,4,CA
5645,M,25,2,NM
5646,M,18,4,HI
5647,M,18,1,IL
5648,M,25,17,MI
5649,F,18,4,CA
5650,F,35,12,CA
5651,F,25,6,OK
5652,M,18,0,IN
5653,M,50,1,OK
5654,M,25,4,CA
5655,F,25,6,TX
5656,M,25,15,NH
5657,M,50,14,CA
5658,M,56,0,FL
5659,M,25,0,MD
5660,M,25,2,TX
5661,F,25,15,NH
5662,M,1,10,NJ
5663,F,35,20,TX
5664,M,18,4,MI
5665,M,18,4,NY
5666,M,18,16,NY
5667,M,35,7,NY
5668,F,25,3,KY
5669,M,56,1,CA
5670,M,18,4,MI
5671,M,25,1,MA
5672,F,25,4,OH
5673,F,35,1,MN
5674,M,35,7,CA
5675,M,35,14,GA
5676,M,25,20,TX
5677,M,25,1,NY
5678,M,35,17,WA
5679,M,35,2,FL
5680,M,50,20,CA
5681,F,25,7,CA
5682,M,18,0,VA
5683,F,18,9,CA
5684,M,18,16,CA
5685,M,25,17,CA
5686,M,56,16,IL
5687,F,1,0,MN
5688,F,18,4,TX
5689,M,25,0,UT
5690,M,18,4,TX
5691,M,35,14,KS
5692,F,25,7,SC
5693,F,25,4,CA
5694,F,25,12,CA
5695,F,35,3,MD
5696,F,25,14,OR
5697,M,25,0,CA
5698,M,35,14,MN
5699,M,35,15,CA
5700,F,18,14,MN
5701,M,25,7,MN
5702,M,18,0,CA
5703,M,56,1,NY
5704,F,18,4,CA
5705,F,18,4,CA
5706,M,18,17,NJ
5707,M,25,12,MA
5708,M,35,1,CA
5709,M,18,4,CA
5710,M,25,15,CA
5711,M,25,7,IN
5712,M,35,1,CA
5713,F,50,7,CA
5714,M,35,2,HI
5715,M,18,4,CA
5716,M,1,10,NH
5717,M,25,0,NH
5718,F,35,14,TN
5719,M,56,7,MD
5720,M,25,0,IL
5721,M,45,11,CA
5722,M,25,20,MI
5723,M,18,12,MN
5724,M,25,15,CA
5725,M,18,2,NY
5726,M,25,1,TX
5727,M,25,4,CA
5728,F,35,20,AA
5729,M,18,10,WA
5730,M,18,0,CA
5731,F,25,11,NY
5732,F,25,11,MA
5733,M,25,4,MI
5734,F,25,14,NY
5735,M,25,6,PA
5736,M,25,1,NJ
5737,M,45,15,CA
5738,M,25,12,MN
5739,M,25,7,CA
5740,M,25,1,IL
5741,M,50,13,IL
5742,F,25,12,MD
5743,F,35,0,MN
5744,F,25,4,KS
5745,F,18,4,CA
5746,M,18,15,CA
5747,M,25,0,NH
5748,M,25,0,CA
5749,M,25,2,CA
5750,M,18,1,ME
5751,F,1,0,NY
5752,F,56,0,NY
5753,M,18,17,TX
5754,F,18,1,IL
5755,F,35,2,TX
5756,F,1,10,WA
5757,M,1,10,VT
5758,F,50,1,SC
5759,F,25,1,NJ
5760,M,18,12,NY
5761,M,25,20,CA
5762,F,35,6,MN
5763,F,25,1,NJ
5764,F,50,12,TX
5765,M,25,11,OH
5766,M,56,14,HI
5767,M,25,2,TX
5768,F,1,7,MD
5769,M,45,14,VT
5770,M,25,0,CO
5771,M,25,7,CA
5772,M,35,7,PA
5773,M,25,6,NV
5774,M,18,4,CA
5775,M,25,11,NY
5776,M,18,12,OR
5777,M,1,0,VT
5778,M,35,12,AZ
5779,M,25,5,NY
5780,M,18,17,CA
5781,M,25,2,NY
5782,F,35,0,MN
5783,F,45,1,CA
5784,M,18,10,MN
5785,F,25,7,IL
5786,M,25,6,WI
5787,M,25,20,CA
5788,M,25,0,CA
5789,M,25,17,CA
5790,F,35,0,MN
5791,M,18,4,OH
5792,M,25,17,OH
5793,M,25,2,CA
5794,M,35,17,WI
5795,M,25,1,CA
5796,F,25,7,NY
5797,M,25,7,TX
5798,M,35,0,CO
5799,M,25,5,CO
5800,M,35,18,CA
5801,M,25,16,ME
5802,F,25,0,WA
5803,M,1,10,MA
5804,F,35,7,CA
5805,F,25,0,CA
5806,F,50,1,NJ
5807,M,35,7,MA
5808,F,25,7,TN
5809,M,25,7,TN
5810,M,50,16,CA
5811,M,18,4,IL
5812,F,25,7,CA
5813,M,25,7,CA
5814,M,25,0,CA
5815,M,25,20,CA
5816,M,25,0,LA
5817,M,25,17,FL
5818,M,25,4,CA
5819,M,50,6,LA
5820,M,45,0,OH
5821,M,25,15,MA
5822,F,35,4,TX
5823,M,25,12,MA
5824,M,18,12,PA
5825,F,25,4,OH
5826,M,18,4,IL
5827,M,25,2,MN
5828,M,25,17,CA
5829,F,25,4,TX
5830,F,18,4,TX
5831,M,25,1,CA
5832,F,25,0,TX
5833,F,35,0,TX
5834,M,56,16,CA
5835,F,35,0,MN
5836,M,25,0,CA
5837,M,25,7,IL
5838,F,45,7,MA
5839,M,25,1,NC
5840,F,1,0,OH
5841,F,35,7,NY
5842,M,25,4,OH
5843,M,35,1,ID
5844,F,1,10,MA
5845,F,25,3,TX
5846,M,45,16,TX
5847,F,18,4,MA
5848,M,50,20,DC
5849,M,35,17,OR
5850,F,25,7,TX
5851,F,18,20,MN
5852,F,25,1,CA
5853,M,50,19,NY
5854,M,45,7,FL
5855,M,50,7,PA
5856,F,25,7,TX
5857,F,45,2,OH
5858,M,25,4,MA
5859,M,25,7,NV
5860,F,25,4,CA
5861,F,50,1,WA
5862,F,25,9,TX
5863,F,25,14,NV
5864,F,50,1,NC
5865,M,25,17,CA
5866,F,25,6,CT
5867,F,45,3,CA
5868,M,35,14,AZ
5869,F,25,7,PA
5870,M,25,14,WA
5871,F,25,4,MA
5872,M,25,17,IL
5873,M,18,12,NY
5874,M,25,4,MA
5875,M,25,4,PA
5876,M,50,7,GA
5877,M,18,12,MA
5878,F,25,0,IL
5879,M,35,7,MA
5880,M,25,1,NJ
5881,M,35,17,GA
5882,M,35,7,IL
5883,F,18,0,MA
5884,M,18,4,DC
5885,M,25,1,AA
5886,M,25,20,MA
5887,F,35,20,IL
5888,M,25,20,MO
5889,M,50,20,CT
5890,M,35,20,TX
5891,M,18,4,MN
5892,M,45,2,NY
5893,M,25,7,MA
5894,M,35,0,LA
5895,M,25,1,OH
5896,M,25,0,IL
5897,M,25,20,MA
5898,F,18,0,MA
5899,M,35,17,GA
5900,M,25,7,IL
5901,F,35,7,CA
5902,M,50,16,TX
5903,M,25,11,CT
5904,F,45,12,CA
5905,F,35,20,TX
5906,F,18,4,DE
5907,M,25,2,NY
5908,M,25,4,DE
5909,M,18,20,CA
5910,F,45,20,NY
5911,F,25,17,CO
5912,M,25,1,TX
5913,F,18,0,IN
5914,M,35,2,CA
5915,M,18,4,ND
5916,M,50,20,MI
5917,F,50,1,CA
5918,M,25,12,MN
5919,M,18,0,IN
5920,F,25,1,VT
5921,M,25,6,PA
5922,M,56,3,CA
5923,M,25,7,VT
5924,M,35,0,MN
5925,F,25,0,CA
5926,F,50,7,MO
5927,M,35,14,NY
5928,M,45,1,NY
5929,F,35,0,FL
5930,F,35,17,TX
5931,F,18,7,CA
5932,M,18,14,CA
5933,M,25,2,WA
5934,M,25,14,TX
5935,M,18,0,AL
5936,M,18,4,TN
5937,M,25,12,IL
5938,M,25,1,AL
5939,F,45,15,TX
5940,M,50,12,NH
5941,F,25,0,IL
5942,M,45,1,MA
5943,F,45,1,DE
5944,F,18,10,NC
5945,F,35,2,AL
5946,F,56,1,MN
5947,F,45,16,OR
5948,M,56,13,NY
5949,M,18,17,IN
5950,M,25,4,DE
5951,M,18,4,TX
5952,F,45,1,TX
5953,M,1,10,MD
5954,M,45,11,LA
5955,F,25,7,FL
5956,F,18,4,MA
5957,M,18,20,MA
5958,M,45,14,CA
5959,F,18,4,NY
5960,F,45,0,LA
5961,F,45,0,TX
5962,M,35,7,CO
5963,M,25,15,MA
5964,M,18,5,OR
5965,M,25,17,TX
5966,F,35,9,NY
5967,M,50,16,OK
5968,M,56,7,WA
5969,M,45,13,TX
5970,M,35,11,MN
5971,M,35,7,MI
5972,F,25,20,MN
5973,M,1,10,WI
5974,F,25,1,FL
5975,M,25,14,MN
5976,F,25,1,WV
5977,M,35,1,CA
5978,M,35,1,MI
5979,M,25,1,OH
5980,M,56,1,KY
5981,M,35,7,MA
5982,M,35,1,MN
5983,M,25,3,SC
5984,M,25,1,IL
5985,F,18,4,TX
5986,F,56,1,MA
5987,M,25,16,NY
5988,M,25,15,CA
5989,F,1,10,OK
5990,F,25,20,CA
5991,F,35,20,CA
5992,F,18,4,MD
5993,F,50,20,IA
5994,M,35,1,FL
5995,F,35,1,NY
5996,F,25,0,NM
5997,F,25,7,NY
5998,M,18,4,IL
5999,F,25,1,MN
6000,M,45,17,GA
6001,F,25,7,CA
6002,M,50,0,OH
6003,F,45,17,TX
6004,F,25,15,NC
6005,F,25,5,NC
6006,F,1,0,MA
6007,M,35,17,CO
6008,M,18,4,TX
6009,F,25,12,IL
6010,M,35,0,TX
6011,M,35,15,CO
6012,M,35,15,RI
6013,F,25,20,FL
6014,M,45,1,CO
6015,F,25,9,CO
6016,M,45,1,TN
6017,F,35,7,MD
6018,M,35,1,MI
6019,M,25,0,NY
6020,M,50,16,NY
6021,M,25,12,NJ
6022,M,25,17,SD
6023,M,25,0,OH
6024,M,25,12,WI
6025,F,25,1,FL
6026,M,35,6,NY
6027,M,18,4,MD
6028,M,18,4,CA
6029,F,25,1,VA
6030,M,25,17,FL
6031,F,18,0,OH
6032,M,45,7,MN
6033,M,50,13,TX
6034,M,25,14,CA
6035,F,25,1,TX
6036,F,25,15,FL
6037,F,45,1,TX
6038,F,56,1,NY
6039,F,45,0,MA
6040,M,25,6,NY
